x,y,z,f1,n_pix,concentration,R_circ,angle_3d_deg,angle_inplane_deg,dyad_inplane_deg,psoct_x,psoct_y,psoct_z,dyad_x,dyad_y,dyad_z
184,187,34,0.6121285235951291,95,0.9520027405761814,0.9307727932896683,33.61344026225166,9.418260880180593,56.36042570663884,-0.978618677499221,0.060308487733542304,-0.19664274804062595,0.7632119,-0.59383124,0.25470003
170,161,59,0.6723361882678661,65,0.9702137287990018,0.9655052521708369,2.643279035205999,1.5685888969695663,87.84453083641026,-0.9980978225546201,0.02114646268601484,0.057909962248262004,-0.9945551,0.056064326,0.087846056
165,166,65,0.6197350676908734,64,0.9687767183213306,0.9649153301980848,8.383897900680743,5.844717574621994,83.20572757513992,-0.9737485224797776,-0.006080463307126693,0.2275452546954579,-0.941607,-0.1186474,0.3151175
167,151,50,0.8391820491286685,95,0.962232135188979,0.959090016673138,11.82562954681876,9.641583808776357,81.7249195591064,-0.9345923354797102,-0.02711916596947117,0.3546853779051249,-0.9740245,-0.13364656,0.18279757
172,151,53,0.8405105005151914,79,0.9617625273055791,0.9512653965340228,8.387640260224188,7.671152100998247,85.81164745125722,-0.9935429658212674,0.04623178920667667,-0.10360982933018142,-0.9948347,0.09562608,0.034052573
182,183,70,0.6763147056850937,84,0.3053191965945723,0.7821505646403124,40.59426840962995,40.70691541755224,84.4492229083457,-0.5802463509819015,0.14276556535319385,-0.8018305092234711,0.9646986,-0.1379496,0.22433557
171,183,68,0.6154705181142234,60,0.9081500553709548,0.8911544854629602,21.555913418069235,21.425464910071017,89.9148033502161,-0.8682002791376704,0.10209219559781414,-0.4855980425241528,0.9897543,-0.03658884,0.13801344
167,174,68,0.8463453770510889,58,0.9211399857571693,0.9353782805925598,20.608912132905452,19.592713260870784,83.93704871434302,-0.9989660395166092,0.034786826299811315,-0.029269926690840206,-0.9492965,-0.10434496,0.2965608
167,175,66,0.6379873175457917,93,0.8721791924180202,0.8736286477226011,6.549109382289667,5.59983690310849,85.88540095413863,-0.9766166306678012,-0.004026909904202709,0.2149505540809212,-0.9918962,-0.05567414,0.114202686
175,161,64,0.9220501182103856,96,0.961975373097655,0.9578900097033661,16.601445179283818,16.341610047844195,84.23169398393001,-0.8577717075486512,0.10453930301055536,-0.5032884181611363,0.96114624,-0.14255095,0.23638363
167,152,60,0.64847411970025,94,0.9277831048431404,0.8965397028250386,10.369551868742642,0.1438760100085355,78.61613376015893,-0.9599713689386017,-0.014644077454105838,0.27971507255359895,-0.94503444,-0.19400288,0.26319733
168,184,67,0.6860338581120822,94,0.7477590837420163,0.6999189915697738,8.639842690111774,7.9812009812603355,86.09315683652102,-0.9822252825813549,0.00039736261843825726,0.18770545106876152,-0.94603246,-0.06833536,0.3167852
162,159,62,0.8501237162377451,85,0.9363213248957375,0.9232257251790695,16.50281567659328,10.415485402296603,74.54220427576432,-0.7999874514479203,-0.06888231195645456,0.5960497501261074,-0.8692272,-0.27623817,0.41004467
180,176,69,0.9347712011325591,95,0.7734060018148726,0.7883787780864935,10.195592667994458,6.277544556001059,80.74029122782377,-0.9788179248294437,0.06016610501814712,-0.19569238574744535,0.9354363,-0.20628622,0.2870626
168,157,59,0.6925491756197164,88,0.9691230602129033,0.9654021269631985,6.099459245341472,2.570419351637356,84.0822820412389,-0.9892789009245643,0.0071447731920915025,0.1458636637463895,-0.9919093,-0.08559134,0.09375543
177,155,61,0.6299125211467382,95,0.9414153637963599,0.9056577622809389,16.1235921576495,8.821003865969175,73.59538029778085,-0.8264911545661879,0.11117845469970677,-0.551862050366244,0.86077565,-0.33358034,0.3844339
173,195,44,0.7671251673968699,96,0.18809889153358333,0.5645306700241911,71.00971877939071,71.45612515703606,78.93440385097675,-0.3434206749064162,-0.13475844991005684,0.9294635012869846,0.98556024,0.1650132,0.037969127
181,169,67,0.9485135439782897,95,0.08412854093165373,0.7662120232812759,86.74148737590924,86.17312652675957,82.47601424762368,0.4378089397309997,0.12577621043560308,-0.8902267560459396,0.91497743,-0.18120342,0.3605296
168,181,64,0.8079886772319389,94,0.9411809838449021,0.9649334322074119,82.65240210807855,49.93065621703079,9.966265001990372,-0.9633367572625502,-0.01271188206238544,0.26799384351381395,-0.09636033,-0.9918141,0.08378288
169,171,67,0.7883573399433185,95,0.9671474728769636,0.9654261243828628,1.5131386356061038,1.1767069231132767,88.90171058332345,-0.999159838362774,0.025171255478664077,0.03234231439621084,-0.9977309,0.04017041,0.05403141
167,169,64,0.7013130947076942,82,0.890811095907114,0.9458693910050443,6.322801033987935,1.012616271149938,83.06896571544556,-0.9775293446586237,-0.003346901782321027,0.2107728127148782,-0.9767093,-0.11034713,0.18401746
186,186,34,0.6839660718898345,87,0.9539936119555676,0.9492672624877248,30.375510517213595,7.837782299933103,59.669865883739924,-0.9907820788825902,0.0496507457991202,-0.12603838941641618,0.8197817,-0.5410922,0.18755564
185,166,69,0.6245352822108123,92,0.9134733321496562,0.912505193148612,12.78481135176383,6.148697986880672,77.25482879910479,-0.9625536968450821,0.07001232429532968,-0.2618943587338825,0.9567174,-0.25564745,0.13905506
176,178,64,0.8533914543324276,95,0.9779376182442804,0.9850704107293803,76.42001576531396,28.324076593300035,15.922223783434205,-0.9888379080638615,0.0066656932881353475,0.14884609537664928,0.23400326,-0.97201735,0.0206113
171,154,56,0.7716396389820835,73,0.9737388553580321,0.9770636463716597,8.218533025372885,7.807653415891235,86.59552663009666,-0.9924659977919259,0.04764628678095756,-0.11287636857581641,-0.99624467,0.08256444,0.026071042
171,154,59,0.7716200827549871,97,0.9607829578337529,0.9726833276685091,5.137086171051572,4.654142612694669,88.51942055606072,-0.9953690234312522,0.043494103545515514,-0.08572496806816213,0.9999706,0.00030769547,0.0076631834
178,168,65,0.9781599968996616,93,0.6594573734775673,0.4620940572315728,34.82623056563381,34.59544394080115,86.99308974576012,-0.9544322425892677,-0.01765220754032365,0.2979051759788253,0.95219636,-0.09808421,0.2893124
158,181,36,0.6222224511077772,65,0.7664554032739158,0.755669750147643,5.012271503524678,3.6736165706286257,88.91018892426777,-0.1511328598412045,-0.14805468535948044,0.9773631202471905,-0.08645507,-0.09106338,0.99208516
175,170,65,0.9916412437230874,95,0.4860187753836778,0.5060480274340083,8.88156768584232,7.554733273907429,83.97484040168074,-0.9726933486360653,0.06424899045216788,-0.2230240272818947,0.92742705,-0.15398638,0.3408332
182,174,69,0.8478217679321343,70,0.7918268230687491,0.7644067775251259,6.1154911637064915,4.784299094203066,85.41913796635637,-0.993861811851496,0.045788303209830544,-0.10070814382375515,0.9770289,-0.117847845,0.1775567
174,180,67,0.9905609626531178,96,0.7935615069895818,0.846069013753146,6.284240234972608,6.27842106477323,88.40226903466758,-0.930961776371686,0.08365916465077411,-0.3554030319296807,0.9651187,-0.07096921,0.25201038
171,189,67,0.6904439104581523,94,0.7372539054892209,0.820519553677466,1.1262342423367777,0.9306303899603722,88.55955241527512,-0.992835529550758,0.047174320166987214,-0.1097824884872287,0.9940468,-0.057043385,0.09282761
171,166,65,0.8654075577252521,94,0.9641047026577774,0.9668920259706892,8.026599116949821,7.8606401478715595,88.96395200502488,-0.9972165891548105,0.039989924443097506,-0.06292757946625023,-0.99742895,0.0014816183,0.07164739
165,154,55,0.7362973487898787,94,0.9189901708242301,0.9138428903383915,21.665912837074604,8.802301821191291,69.14789613566549,-0.9631020639250878,-0.012849480825352977,0.26882950973759373,-0.9365109,-0.34001443,0.08565939
176,169,62,0.986274724366546,69,0.8580795825622693,0.8083648341620614,68.00104269713259,22.648335665356747,24.857654666500867,-0.9700172291664712,-0.008588694890896226,0.24288435404585668,-0.3142649,0.8942119,0.31878328
178,165,66,0.85109368327353,94,0.8996749580360117,0.897041502854924,11.79802075695701,4.663105237734365,76.89552491511739,-0.9002165415676323,0.09363743966764239,-0.4252554622582761,0.9039802,-0.27456304,0.32777274
161,164,66,0.6273353043201997,96,0.9343903678057973,0.9225634833436371,11.385655652774886,5.590298262317118,77.65627211769241,-0.8210000657588181,-0.06376588269350193,0.5673559766393009,-0.85754883,-0.22745167,0.46138462
160,176,71,0.7820677368060654,54,0.9251951640494918,0.925155884701085,26.665548162376986,25.498822340267186,78.44463136340639,-0.7127733940277841,-0.08712276768570172,0.6959624358518904,-0.93079555,-0.20047584,0.30566174
162,182,69,0.6008538010858849,67,0.9526691863843282,0.9578262102715766,10.08461138141753,5.33205147742037,78.83841695483028,-0.7936716490566503,-0.07035613259348748,0.6042642866248054,-0.8352633,-0.21120685,0.507668
184,161,67,0.6312162141742559,76,0.9337954308871785,0.9232569105993813,9.21868511419182,2.7180326431282698,80.2894363462769,-0.9902998529728753,0.050187099595710556,-0.12956641631252977,0.96509445,-0.20549472,0.16237232
158,168,68,0.7531466352533118,57,0.9427151324673693,0.9395286063802486,8.409447379910286,7.1831473372913655,84.3919328688112,-0.9468142692848882,-0.021498759769566004,0.3210615872490724,-0.9770527,-0.08805767,0.19394308
181,184,70,0.9455196308704322,71,0.8330453110147589,0.8173683341219312,28.745624919518896,28.099376203294323,84.6317612080093,-0.9691018180129466,-0.009179469262409451,0.24649016951607264,0.9641226,-0.13506716,0.22852689
168,180,64,0.9773806404534089,95,0.032601079390869425,0.9538242112864804,80.6433762860263,50.21234953549265,7.566285961585928,0.22141632478491205,-0.15699583232853745,0.9624588924989016,-0.10443511,-0.9940548,0.030796329
178,157,62,0.6597248804959723,78,0.9121683819219357,0.9703023428972569,14.875945717430767,0.3521102427428691,72.64720475452087,-0.8728411175169856,0.10095966993436861,-0.47744688565163296,0.82462955,-0.35287145,0.44211742
171,155,55,0.944292690244624,96,0.9476235821606133,0.9637765589995131,3.370235586057565,0.8354644431799205,86.52786796457278,-0.9994409273038942,0.02719267723472004,0.019452278394590884,-0.9958323,0.08283224,0.038169842
174,149,55,0.7678172598898051,52,0.9231063891972779,0.9238972329958828,21.95907755538078,18.489406797593873,75.5911722453983,-0.9044144782388589,0.09240167573284332,-0.41652896882893414,0.9557932,-0.28020453,0.089133285
171,152,50,0.7304471782805677,96,0.9545178229816561,0.9541570323445424,2.9747049413508084,2.963043021970585,89.71090061663081,-0.9974102904529216,0.01935179818086341,0.06926918799715892,-0.9926842,0.010805974,0.120255575
177,152,53,0.6573466194600858,76,0.9322898410082988,0.9567613043647201,25.265018481558837,0.6862142391613705,63.96763188183429,-0.9935784437167635,0.04618305239169925,-0.10329086045318707,0.8832882,-0.46611935,0.05034683
159,167,67,0.7246206002050968,62,0.8331325237252776,0.8059539007107385,14.197342515862582,13.374701315596003,82.73477876192383,-0.8259771986040056,-0.0625021883322775,0.5602277606830597,-0.92929554,-0.12944037,0.34591198
169,152,51,0.7364407007405744,71,0.9776605887001222,0.9751652364166518,6.743131529497291,6.379364647627038,86.96695073294559,-0.9702574769818723,-0.008432135128621147,0.24192835191011458,-0.9907934,-0.037980355,0.1299458
154,178,36,0.606721669362591,95,0.7371569837501479,0.8210517282256291,31.31725610597644,13.181870437709668,65.44977803976546,-0.4340403324124666,-0.1261694145528611,0.8920147244696489,-0.18655673,0.35292313,0.9168652
174,152,54,0.8391884780487574,56,0.948521702774847,0.9532376383482711,15.483439380876336,10.893550101234709,77.61219667952093,-0.974519803721341,0.0630896160203139,-0.21524602785029193,0.9705874,-0.24042642,0.012463079
169,152,55,0.7886490927214844,55,0.9622590432023301,0.9577993631243806,7.7548480344268516,6.146144612069493,84.534854830005,-0.9759938884790809,-0.0044831851726792335,0.21775176394736967,-0.9912887,-0.078613244,0.10567222
171,161,63,0.9009026732076161,64,0.9186544870568595,0.9523477187762976,11.523340315014519,11.500650344046855,89.88658277409077,-0.991830341055405,0.04842927558758227,-0.11801347307820811,-0.99650997,0.020896502,0.08081634
173,167,64,0.6456756308761554,55,0.9228368625524754,0.9176761673008595,17.672706682376628,17.24154329497351,84.12901929522586,-0.9412730853074556,0.07970786829042718,-0.32810308533809873,0.9911402,-0.12959652,0.029084634
175,159,58,0.6151860778665917,95,0.6992796115287807,0.9092053373015011,17.589939821942004,9.924108435322804,75.03828558596705,-0.9993884365443048,0.032315083762228775,-0.013359949961377873,0.9421657,-0.29451922,0.15994464
166,161,64,0.7522785690167185,65,0.9536837223149245,0.9545612664537092,5.995413544410635,3.439347718952906,83.80883452530631,-0.9421682951736509,-0.023706705797053855,0.3343006067446309,-0.9173714,-0.11372025,0.38144138
179,155,53,0.7243663831780145,92,0.7126703472931746,0.5795007212860742,32.10139137594567,11.2118603848245,58.85177797115267,-0.9915702493733674,0.0487399860281087,-0.12005354771774931,-0.84043735,0.53231335,0.101526394
164,170,71,0.6022041458238061,95,0.39571522082743443,0.4759614548530945,88.96995245843809,82.62619707067597,4.463889858680631,-0.9868058782586465,0.004574583372894321,0.16184323223769892,0.04716855,0.987771,0.14860559
165,165,64,0.9199582170980656,60,0.9182867822519158,0.9530235645175023,8.445956873855101,5.676299667540252,82.94393263149705,-0.9728064186115074,-0.006729950048289774,0.23152187732609691,-0.940816,-0.1232613,0.3157087
173,154,53,0.7824350730244415,78,0.9735977067152464,0.9677306026312293,11.839698084780956,10.29976934673358,83.19762857208637,-0.9897794614521674,0.05074982276715019,-0.13327067635665563,-0.98879266,0.13961838,0.052875895
170,163,61,0.719450838805637,55,0.965880258371518,0.9648380521798586,4.142634765981063,3.020640130121007,87.43211622148976,-0.9995522806524467,0.029250350476433578,0.006297240625726626,-0.99819124,-0.02406635,0.05509168
175,174,68,0.6326911116311407,95,0.9040170500595591,0.9347971268843472,3.6663002838220233,0.7622770911120038,83.86183261214279,-0.8637813200249341,0.10314513788232857,-0.49319662580680496,0.86465406,-0.16438809,0.47471035
189,179,63,0.9622805870691882,96,0.33976947171584715,0.3167993634893316,37.799360146355085,1.9650840531450053,54.72377621580956,-0.8731669617806119,0.10087909301892467,-0.47686776515769536,0.7419096,0.53004223,0.41064018
169,192,50,0.7425359005564616,85,0.9034509164525809,0.956559098432066,37.166039507710785,12.521312621751711,59.321403545004955,-0.2653844925169463,0.15658964798013467,-0.9513415544781908,0.058323458,0.44349736,0.89437604
168,160,58,0.958005143440539,88,0.9782515159063202,0.9780006563396381,10.012562074395243,6.192599863122497,81.3948715039025,-0.9762323423624585,-0.004309189335203661,0.2166837433052633,-0.98618877,-0.13279332,0.09898321
185,165,66,0.8101711011800984,96,0.8159176385668983,0.7628983765769712,2.6343525558039036,1.040997162667355,87.28272606939414,-0.9995430758841384,0.030226435950288063,4.496463830701181e-05,0.9971737,-0.07363649,0.0149056725
184,165,68,0.7886239836962963,78,0.9537269841173741,0.9729441700684945,7.60083131203789,3.612948422418003,82.89280069243043,-0.9990976217239225,0.03416117541724804,-0.025237994367892733,0.9848345,-0.15464693,0.078647345
184,155,55,0.8089961927705587,59,0.5754740778836394,0.6225174056233514,38.58859606583357,1.4146360340884756,52.75823946506434,-0.9383245655987938,-0.02546516617786892,0.34481666854339915,-0.7246016,0.5998374,0.3393342
167,195,48,0.6833653863580413,95,0.8975044931370699,0.9365798482879547,14.49184825341495,6.553562697750214,75.81447164494448,-0.9778210755830523,0.06087128187431237,-0.20040117561676385,0.959034,-0.27493888,0.06828148
176,153,61,0.7650465892770381,95,0.9654668611639831,0.9687512574602326,27.500290777275456,25.25514813720696,75.30434219210825,-0.7912307534065536,0.11764400903711891,-0.6000948108435634,0.93884,-0.29166126,0.18306646
179,161,63,0.6134724257250777,95,0.9585678930362967,0.9540210870873505,15.479470901146763,11.887720608166033,77.31174549682031,-0.8533885024013927,0.10553002013058534,-0.510481614576222,0.91512346,-0.26589248,0.30306804
169,159,57,0.6465971252901156,85,0.9523825324009447,0.9299646574525906,8.015689514360458,1.3039792335495015,81.85111459779404,-0.9932937077592329,0.012088299624818792,0.11498470827938961,-0.9890154,-0.1234931,0.08122792
167,186,68,0.7026876615812081,69,0.7556701691973431,0.8757346081284169,5.67913151760409,3.6057533216893787,84.07315448810779,-0.9209320006801209,-0.032788144244249036,0.38834158639054894,-0.8920586,-0.11392901,0.43732333
159,165,67,0.6969066071783717,96,0.9606887683709316,0.9653212114278279,10.004614611777667,3.2401855320427537,78.6060218207337,-0.8818853498939935,-0.046589310899167846,0.4691563340212828,-0.8938417,-0.20556957,0.39848238
178,157,57,0.7822413052840237,91,0.8606758040806748,0.8867492610616181,48.190227957966975,31.982778600537305,53.22062776482359,-0.9474980638137244,-0.02116554116448377,0.31906024342819356,0.7641779,-0.63004804,0.1380999
176,168,66,0.6951389989355823,94,0.9449111856356481,0.9412373970365879,15.666297911064351,15.43015039407459,84.48459004379568,-0.8594241528395811,0.10416016809259254,-0.5005404927664608,0.95847386,-0.1390209,0.24900028
183,151,50,0.9132281562256302,96,0.9178335089488749,0.9241777578413471,21.930625608051713,7.168212549086968,69.04229369599125,-0.9993149268435638,0.026134461532423263,0.026204329948557422,0.9198754,-0.38671196,0.06544557
172,150,50,0.9952497518990816,94,0.9521418437844751,0.9489325515592503,11.925494716290595,11.814141162852161,87.53885177407147,-0.993042345265468,0.046904307729416284,-0.10801336225709983,-0.99321496,0.06052173,0.09930358
180,176,71,0.6191583942600858,63,0.9313584354671053,0.936119761601192,13.792928677714825,4.895995486172063,74.94487774388598,-0.9117370665927362,0.09016028813436994,-0.4007575873821978,0.9057565,-0.3052087,0.29402876
174,151,54,0.8080558148859913,90,0.943976373381965,0.9467559678280343,18.943725570653562,15.165455437436465,76.77970126479538,-0.9520046661222126,0.07513155063305926,-0.2967193384007973,0.96663994,-0.2552247,0.021625577
175,187,62,0.7427531970318826,96,0.13465877544490418,0.12585231643588984,55.83599135252628,33.95348046276947,38.603879880867346,-0.7407063234251109,0.12547194025528186,-0.6600082837712192,0.13229026,-0.8279469,0.5449801
161,166,66,0.767500741358299,76,0.949045228169893,0.9409568196510519,11.385282507612672,5.242965461223861,77.55853010359576,-0.8331591664183704,-0.06064070724238191,0.5496985610661447,-0.8645902,-0.22793187,0.4478067
176,161,60,0.8695262790193568,96,0.8229101943483719,0.7558536483861619,35.68253337440006,30.484914607684203,71.7110498757616,-0.9568670580184082,-0.01635430113942621,0.29006545832524977,0.9147609,-0.35244608,0.1974698
177,174,67,0.9832999417224687,93,0.7761772734914718,0.7811126936963249,21.02474103337572,19.571616414823403,81.57603098290791,-0.9977447741179825,0.03873899197779135,-0.0548147445565589,0.9075013,-0.19738647,0.37078306
167,182,64,0.8599559499618341,54,0.9136726802444849,0.9175423162892259,74.9503883467457,32.8363277172657,15.853010842207267,-0.8947316056865772,-0.04236449863839093,0.44459037668469314,-0.16314426,-0.97304636,0.16298684
167,172,29,0.6902326908033173,78,0.15513335555031021,0.6750612015209235,37.55641865079268,19.082963239043817,53.09475852381564,-0.549660873162654,-0.11263802929686574,0.8277593846464003,-0.2116296,-0.65150785,0.7285262
167,162,63,0.6723078970346654,96,0.9375585133651306,0.9707683012719157,1.3476848342109937,0.5225028682940392,89.79967017557681,-0.9582885876569673,-0.015579212944578976,0.28537741832605146,-0.96046555,0.006754202,0.27831715
182,153,52,0.8833185509883924,96,0.3718168847609061,0.45332265567496843,36.44256563563427,22.76006420984418,62.24938630479614,-0.9322858862963586,-0.02811691611272244,0.36062787640575333,-0.8727617,0.48798624,0.012505818
174,150,58,0.6160967094733891,96,0.9554406681306524,0.9536173807728704,14.1585894526776,12.872098848183851,81.95403259958654,-0.9221153376257004,0.08677344315380758,-0.3770592442556918,0.9724054,-0.17617965,0.15293291
171,168,66,0.8143098981377334,82,0.9671082809811026,0.9743653076384874,6.273463814942715,6.266547978016115,89.5524548081009,-0.9941911400913519,0.04531659123996089,-0.097623683203659,-0.9994272,0.032046244,0.010880779
167,173,66,0.8496889609594319,95,0.8588577091921359,0.8407570885161046,3.902357050553778,1.9230418543829462,86.50410857542433,-0.9962268270853211,0.01683780117330029,0.08513869535741236,-0.99249244,-0.044820882,0.11379753
178,164,63,0.7017511845033954,96,0.8226359301796125,0.8715217536982586,41.430462568686195,38.50605511952708,74.99195125869718,-0.9398988871210014,-0.0247519751348681,0.34055457964271446,0.90903777,-0.30383453,0.28519282
176,154,53,0.669383710375757,94,0.916582487151534,0.9348979130724834,15.760500997557912,6.4583155795742035,74.74881337888901,-0.9919836568909676,0.048243574649729476,-0.11679461445734235,-0.95788705,0.28680223,0.014034856
177,155,54,0.7137308957234518,96,0.8998365615180849,0.8828191511836503,27.732421229960483,20.017614170042936,71.71711316695972,-0.9443819762561474,-0.02266652852529388,0.3280684553673908,-0.941297,0.33737722,0.011685683
159,184,39,0.6227549317031279,91,0.38311615424657713,0.6142883176403515,34.5953432465439,34.578050049948494,88.3246625760569,-0.5530366952095467,-0.1121937505446303,0.8255682746390103,0.017101511,-0.10407898,0.994422
168,154,51,0.8965869462966513,94,0.9691103877742377,0.9748453006541716,2.9767292400839653,0.8543266327017623,87.15339521808679,-0.9978204971075164,0.02038060048629574,0.06276055031567909,-0.99681115,-0.0303727,0.073790364
164,175,67,0.6546202943718833,94,0.9360464079344952,0.9378803875573666,4.43893382701049,2.553461006760091,84.5657560589607,-0.8949768326223929,-0.04228120448070416,0.4441044571008607,-0.9118781,-0.10188316,0.3976156
162,193,52,0.621658873831802,96,0.5845634740039658,0.6334888425922431,80.58229549900702,61.085088549798556,10.944344419062228,-0.4599708360231444,0.15056553959578386,-0.8750753386391368,-0.16523866,0.983827,0.06914216
177,164,65,0.628957743205402,88,0.9804210339403798,0.973980372485151,9.660561384399742,9.22608786580359,84.71270824854093,-0.8881246853795378,0.09701808890376958,-0.4492460724869582,0.9450663,-0.13823764,0.29620954
166,156,54,0.8618270462387535,97,0.9010126387685887,0.9553731930623338,18.585717626345595,1.6317939563054824,71.75035589632763,-0.9995517192814047,0.02920373797504301,0.006595617474737183,-0.9567087,-0.2908897,0.009567058
170,154,58,0.6925506702720398,95,0.9393278237036399,0.9661498810950996,7.642807754838284,6.315689094824119,85.29527183941306,-0.9891123248654459,0.0069626373190856405,0.14699772270629088,-0.9977086,-0.059676625,0.03187849
172,179,62,0.7969155032762513,95,0.46654556006444736,0.5045042717699236,80.3945937503307,46.37665158210829,14.667751405943681,-0.986647157310593,0.004418442068353623,0.16281235929933208,0.1778774,-0.98082083,0.07968772
185,185,41,0.833095457678935,67,0.6828079454392808,0.6415822500854168,67.26268946357527,67.01877914803252,86.2675344305741,-0.8804735087968975,0.09903386396032904,-0.4636363813334398,-0.086404905,-0.0069965376,0.99623555
179,157,61,0.7573527782955967,64,0.9205086433511717,0.9175232844448217,17.15517474427843,4.155484912957287,70.62570172971391,-0.8423676914602375,0.10792996299246872,-0.5279846545804098,0.8228639,-0.38463247,0.41827372
156,186,53,0.6626183739398214,94,0.889892368336304,0.8705910337821605,9.694386584136847,3.013385030033174,85.2113375025097,-0.2194923031601568,-0.14404418219146145,0.9649219670161121,-0.2661771,0.0183727,0.96374905
166,163,63,0.741734463425598,94,0.9799826834299601,0.9807504269662357,8.011861257298827,0.6323222909095885,81.0312296423596,-0.9620278621264081,-0.013473667534196487,0.27261851143249705,-0.9567901,-0.15099625,0.24850124
184,187,48,0.7902908983288331,94,0.706710168561278,0.7719357152482809,30.10911676597285,19.087256693265175,70.39917965433249,-0.5665946506228159,0.14383845341846813,-0.8113451800582736,0.26245055,0.26049083,0.9291201
173,150,51,0.8924374784176952,96,0.9390382107394296,0.9316588893859975,6.786819182177448,4.755942840815518,84.34395149121494,-0.9928463592705533,0.047160288994781155,-0.10969053753691048,0.9919093,-0.12524651,0.020717345
175,152,51,0.8306845275930463,88,0.9607941348862368,0.9668266659292067,9.243961295257181,4.778165810278516,81.5641697000257,-0.998236151499892,0.03739466906185614,-0.046111002639705974,-0.9846188,0.16830496,0.04689706
162,158,56,0.6924573674965508,96,0.6699040496595988,0.6662382186866843,54.428092363596605,30.533072306946185,42.21918578180893,-0.9935801289326243,0.012494583701618699,0.11243848437413774,0.63145643,0.70253724,0.3281832
183,152,52,0.91521882768243,67,0.4705065982147477,0.3268554227428019,34.43752627902181,19.72091674319085,62.09461099489613,-0.968816940038941,-0.00936150631854138,0.24760068435493254,0.8678678,-0.49464536,0.046167623
175,179,69,0.6844627729861825,95,0.8745214895871924,0.9399450511452039,14.0329074153529,12.675608460637887,82.51046201438014,-0.9700292304708769,0.06586542020619471,-0.23389108245749746,0.88410085,-0.18495992,0.42913345
189,182,37,0.6292465220187465,94,0.858884717638482,0.7929084041674692,68.26947374933188,68.25860782775314,89.29557357953932,-0.9971021485447662,0.04024131841107978,-0.06455959773689161,0.30717432,-0.066313446,0.94934005
164,196,49,0.7042052391395892,94,0.9450110832464231,0.9376342937931879,25.334772851160693,9.170703070718316,64.50121277782895,-0.9452654900458332,0.07806755962312123,-0.3168258345888184,0.87891054,-0.46254113,0.116498575
184,183,31,0.6745548389555137,95,0.9223863305817945,0.9046009848485678,39.43197347427031,4.631903307900208,50.32245948606936,-0.9986332457808405,0.036106942191504746,-0.03778794975654337,-0.75284374,0.65331405,0.08004434
172,159,57,0.6363061304538322,56,0.9211030113341825,0.9042011648759269,8.681801828394462,7.917888650594052,85.48064036812023,-0.9891116948892625,0.051449485401530465,-0.1378804028323398,-0.9946068,0.103636295,0.004114904
158,167,68,0.9556179287320045,94,0.9607954134143961,0.9651178442712012,15.515119856549639,14.24616682093096,81.89135700782855,-0.8924116450152673,-0.04314741041743397,0.44915449103333505,-0.9694394,-0.13264,0.20638295
178,154,52,0.8317641733870963,77,0.8006990589773344,0.8690869048277742,20.843791950417614,10.024056697579262,70.58440206281645,-0.9859108479813122,0.05451619273942179,-0.15813849803880253,-0.93446773,0.35398915,0.03823247
175,160,63,0.6504112058108437,96,0.9594526488975288,0.9797601839994627,17.41019898139204,13.589731350822543,76.2772966923597,-0.8516391743860344,0.10591949631159514,-0.5133145010148962,0.918923,-0.28160954,0.27618214
183,170,70,0.6805823720816684,94,0.9654128086072726,0.9621780274512721,8.409525343766814,2.574732231289666,81.14452597133312,-0.9917700570962169,0.04850176842878394,-0.11848937634508633,0.9809909,-0.18366468,0.06264345
176,149,52,0.6811469198683242,92,0.887570525456897,0.9057174774572874,22.05702632778429,9.308830607488309,68.71178318372812,-0.9795310495856663,0.05965038923785293,-0.19225179833066713,0.9218422,-0.38754728,0.0037457612
165,152,51,0.8599894593754778,96,0.9215808355657212,0.9422815958193388,15.662698272339508,10.083234519340591,77.40179304331383,-0.9837869138434513,0.0017520863030050788,0.17933275870282198,0.9810572,0.19341451,0.010843913
177,169,68,0.627194029017803,86,0.951776039821556,0.9589003226864193,11.90320620952445,7.582919520357008,78.15031947857844,-0.854901695458724,0.10519042143402624,-0.5080138446345052,0.8927027,-0.25605038,0.37083703
160,160,64,0.8057895023349453,56,0.8833592552809959,0.8839334405690832,18.225337899812832,10.950130787066012,72.47198533095651,-0.7544384964863444,-0.07893591792498844,0.6516069949599712,-0.8324035,-0.31532457,0.4557136
176,151,49,0.6933899460129441,59,0.9622734725572009,0.9552020915486371,6.8582014578015595,1.5615324454084571,82.99351977981922,-0.9994909097343235,0.031242123576107707,-0.006469240520302127,-0.989009,0.14493945,0.02921887
172,176,63,0.8091731962584557,95,0.692730020221794,0.7007897000851521,87.41828844462765,45.90396621650997,4.015853417101755,-0.9939410705167683,0.013020541337827457,0.1091403401279779,-0.028957205,0.99913615,0.029806321
169,153,50,0.9940868065026404,94,0.9285117177101045,0.8943467089394828,4.027767509337358,3.5437557014581924,88.10237907322238,-0.9979814527788462,0.02081698394840034,0.05999727567744924,-0.99276215,-0.017242258,0.118852854
168,150,51,0.8297654193615105,94,0.9548753812238281,0.9568090867316703,12.44782056724874,10.09802884613194,81.59067386208689,-0.9562905365245422,-0.016664933516369773,0.2919429563193783,-0.98541754,-0.13021083,0.109532654
182,173,71,0.6546087399257704,66,0.8936964703688414,0.8651917204052003,16.428064180366828,9.420001914379004,74.81336934427397,-0.9535711155857274,0.07441533876095102,-0.29182954764328517,0.9492233,-0.29476205,0.109957494
167,155,61,0.6127709986240873,91,0.8940194373649858,0.8673084716701489,10.219733770230013,2.360847998723819,78.8753562597326,-0.9492459880901206,-0.020303513239898152,0.31387867312853196,-0.9478398,-0.18899396,0.25667304
174,149,50,0.6540861483629169,94,0.9416364851701164,0.9370280006942348,6.580118569365096,5.608319142596124,85.86662334133052,-0.9956164332731106,0.04307898618811201,-0.0830187854978273,-0.99521995,0.09580568,0.018934943
162,159,57,0.805132945354615,96,0.8947354002158634,0.9565808968971657,61.756390566578276,39.96502931215616,37.829208765345065,-0.9935306176345813,0.012423675586201985,0.11288296641910268,0.5306616,0.7494112,0.3959559
183,164,68,0.8657646101327484,94,0.9676335558727738,0.9836922286058265,9.763704872466533,1.0758205152752611,79.46837050466118,-0.9922976135414526,0.047857122068355004,-0.11425910041337027,0.97347146,-0.21380942,0.08147982
170,196,48,0.6029331843461806,94,0.9234768981034531,0.8945704156662012,10.064683147617309,0.8684854672552054,79.40164536148497,-0.9974864286950392,0.03937115745192849,-0.058912957234482324,0.9769782,-0.21120533,0.030098833
184,154,61,0.7589580118299224,64,0.8077199263610669,0.7764158357841398,39.124631802284746,18.0019459419313,54.03177575601448,-0.9971386073907519,0.04016188735271543,-0.06404389475273763,0.73638105,-0.6266578,0.2550355
172,151,57,0.783540367719413,62,0.9633550481588729,0.9636934185708748,12.201023380285477,11.931490832471736,86.16833478170723,-0.9778372707025752,0.06085996706295435,-0.20032557608561824,-0.9957828,0.09127299,0.009266313
180,149,50,0.9022381239111464,62,0.9363521172850474,0.924709917975074,12.111476018166911,6.60460893644182,78.49470186925173,-0.9730149097579939,0.06404806086462098,-0.22167505788456449,0.9684202,-0.23128434,0.093112044
160,155,60,0.6536567379007964,76,0.6873352321650652,0.7085492705517485,19.519474602738853,5.111499015656219,69.83810718623042,-0.9407757380864216,-0.02435056008729481,0.3381539011328774,-0.91626894,-0.3387757,0.21373406
165,154,51,0.8872850943567926,84,0.9325325538086346,0.915710694203324,14.325462826774332,0.1486596532514999,75.60465660128958,-0.9967193490542547,0.01781921908306583,0.07894944364675846,-0.97179353,-0.22920091,0.0555372
172,155,59,0.7799797312332657,96,0.9640914994904424,0.9741204500572729,8.96030657652525,8.465402679125187,85.70140164357468,-0.9725289526616501,0.06435120433620292,-0.2237104350165959,0.9916379,-0.10556425,0.07423318
168,166,64,0.9638693126288524,57,0.8907505001327909,0.906320570892877,2.1563892185465345,2.093496215749336,89.9193729361314,-0.9815155084683533,-0.0001983216937624932,0.19138251567114417,-0.9737171,0.0059516034,0.22768328
185,185,32,0.6546705383176888,95,0.9692550766922907,0.9558786639819086,36.554311138231185,7.056063138118627,53.07215356440591,-0.9883170710718993,0.052252250718080845,-0.1431749605299657,0.7551147,-0.63404006,0.16671853
174,157,56,0.8831412753117983,95,0.8896768664821662,0.9040596066171765,9.896789960771837,7.867275783965082,82.8683792599729,-0.9833339305709895,0.05671769922113895,-0.17273529918018746,0.9880567,-0.15141185,0.028607517
168,158,63,0.6713940348522336,97,0.9628503892743393,0.9774843331189722,10.265478865835677,2.803451258358717,79.54572124902067,-0.9824830279097662,0.0006166613150262458,0.1863510654600081,-0.97828305,-0.16672315,0.1231488
174,179,64,0.6762878236636611,67,0.6414594326956613,0.9031520195789898,81.82551829049142,37.88594725984464,10.69895348828353,-0.9929661444229646,0.01163475618732629,0.11782558499007664,0.1342405,-0.9906965,0.022360867
173,151,58,0.7122438369827018,94,0.9572101450650565,0.9728032467700197,19.110196425952022,18.701962657859564,83.73685568988269,-0.9167889373105399,0.08854460121149445,-0.38943279012084814,0.9878293,-0.13933413,0.06913229
176,162,64,0.7158752774207022,94,0.9595819732094494,0.9436705808697967,12.132009500165347,10.639510262157765,81.38925255008596,-0.8464115684627781,0.10706395772342094,-0.5216557923851488,0.9172757,-0.1989385,0.34500536
180,153,58,0.610694174939512,76,0.7400994903969996,0.623552813383559,26.979184331459148,24.118518248250997,73.85939797178962,-0.7443431764169852,0.12495637394078508,-0.6560023935421605,0.9087414,-0.32150212,0.26613042
188,156,57,0.6023281684586153,96,0.4387781385956849,0.4046913064538882,65.81699689964691,60.93982421971983,51.49063499702145,-0.8342299781354378,0.10962415972835043,-0.5404099251346149,-0.6768812,0.6108208,0.41076756
177,150,51,0.7448879819206072,86,0.9206879949481866,0.9376304850041199,10.736441354751099,2.1366515446843275,78.754068657971,-0.9948211190707,0.04437076756368727,-0.09144493445090052,0.9740133,-0.22298169,0.039713643
164,166,66,0.8564256186613456,94,0.9542372954741702,0.9729067569913958,10.137683144878308,3.7231517396523186,79.37634007499,-0.9487142969866926,-0.020567320791363697,0.3154650028267967,-0.9146055,-0.18875508,0.35758683
182,150,51,0.6574292890265686,62,0.9225856701945447,0.9233523096182141,27.875788354271197,10.545900621186362,62.536451186270476,-0.9638467960446885,0.06933073758954493,-0.25727923075848624,0.87261903,-0.4871133,0.035449043
172,151,60,0.6568526224193252,94,0.694082522229705,0.710182561116099,9.247195299564968,1.1956033276071139,80.23063072227454,-0.997070116615983,0.040310611434959336,-0.06500951589674953,0.97707826,-0.20010294,0.07264211
165,151,56,0.6327226877621291,94,0.9281741314540569,0.9360043600808109,16.163453697279373,8.785107122689512,75.46382802685372,-0.9665943175625193,-0.010753730614803612,0.2560854984838301,-0.96854526,-0.23387137,0.08499549
185,185,42,0.6201132998520902,82,0.46655957842744233,0.4399928971729899,88.35485912486523,88.08892790388433,76.79550778612796,-0.9889232642938925,0.051642656511272866,-0.13915391969603538,-0.10091715,0.1582498,0.98222846
183,152,59,0.6121853113558722,83,0.8760188287588181,0.8774883857190802,28.182183839940066,5.457020237933189,60.86154968577394,-0.9664216814257468,0.06793136118913379,-0.24781941779695937,0.80799997,-0.52817684,0.26108482
173,157,62,0.6962125012156932,72,0.9364893277513706,0.9460656497687081,15.603271956627243,15.299720525180945,84.67672960515583,-0.9158523295885771,0.08884869380274157,-0.3915615149586628,0.9830978,-0.12749821,0.1313887
171,193,45,0.7369758812361299,94,0.8518632286889456,0.8286038679584152,6.47169970216054,6.425221262366557,89.327995487919,-0.9961570978924853,0.01670483676074615,0.08597665233781987,0.9989477,-0.038625512,0.024732359
164,168,62,0.9268015143091374,96,0.1391689100762436,0.9460006183717162,70.8294339611257,18.41535502697519,24.598016037602935,-0.4947935251031562,0.14867104348007165,-0.8561987434857279,0.33331868,0.8780606,0.3433779
176,168,62,0.6520976859081287,94,0.9089080860496764,0.9326117220443458,69.05021399732934,16.9770328568898,23.308998630218642,-0.940399481871124,-0.02452318200398418,0.33918642077907707,-0.2935556,0.90573204,0.3057361
181,168,68,0.6960938522758825,93,0.9697703655933244,0.9767352436813741,10.048312259935216,3.168503455494415,78.94158446742838,-0.961890442560749,0.07035676785853943,-0.2642285028659589,0.95335454,-0.23081425,0.19452488
175,194,45,0.6781179478532162,94,0.7165666963587911,0.49138056450169076,14.019364377199441,4.425653737623065,76.9913586952412,-0.9995319950776516,0.03053111992845748,-0.0019082798547016297,-0.97705257,-0.20551498,0.055963177
175,164,65,0.7501160203098758,69,0.9749396599412068,0.9778492750331464,2.8838163492991638,0.8284456728186814,85.32883093216559,-0.9328403293826029,0.08296706172323769,-0.3506071684184017,0.93408555,-0.12993419,0.33256787
182,175,70,0.6355758303187578,76,0.9652988284807539,0.9574494468528815,8.150419114041819,1.1115247936608914,80.86139832421172,-0.9846042849580408,0.055657553446830155,-0.16570044896311728,0.97182804,-0.19368657,0.1342972
163,154,55,0.6325117044128237,82,0.8375666422856413,0.9477924777051805,17.997483466622334,9.178096964399064,73.66405369115104,-0.9733283740158154,-0.0063715481093855626,0.22932788690087116,-0.9639302,-0.26165032,0.048761476
193,176,51,0.6758180409960894,93,0.8117761967599254,0.8455700921837667,8.438688018753547,3.9433585397023845,78.02479980690508,-0.28111299394641104,0.15636406446953366,-0.9468504443559462,0.33640683,-0.28367066,0.8979763
169,154,51,0.8239188940607288,94,0.9666530045421673,0.9769468247950477,1.8425112860288402,1.6017812539887817,89.01173281912364,-0.9966055460152803,0.01758539253382288,0.08042474507896429,-0.9986698,0.0038611006,0.051417213
162,163,64,0.8851876989440269,94,0.9684176832621698,0.9789991723134476,13.964879227482916,0.7543413835101361,74.08111922514942,-0.8757302422967151,-0.04852444387490951,0.4803560357417896,-0.854705,-0.28610095,0.43315777
182,177,72,0.6757583650890976,88,0.9512870280087994,0.9528050706363997,17.183971844467578,9.457039175613371,73.84004716803702,-0.9479030553433656,0.07694502040505824,-0.30912661080142795,0.9418052,-0.3120989,0.12488922
166,154,52,0.6944739080619048,95,0.9497139329913394,0.945970041720467,14.702480143326323,1.3191362401433775,75.19188928012258,-0.9949964609685966,0.01466279394436808,0.09882836199043739,-0.97017807,-0.23616426,0.05459821
174,159,63,0.6904950087021053,96,0.9230358905760887,0.9568605507355008,26.553116207682596,25.874594876924245,80.87369019316468,-0.8651289237057982,0.10282658968375266,-0.4908957504620062,0.9807032,-0.18773639,0.05455609
169,194,48,0.7026273636498669,92,0.888510953136182,0.8788025908799676,6.608293871531724,0.7975458510932425,83.15390255670435,-0.9995514199812118,0.02984639569303292,0.0024802172643489996,-0.9894924,0.14455777,-0.0028065916
171,155,54,0.7340073143508553,65,0.9616311434747722,0.9658832833066856,0.9673004948755913,0.08800307062683542,89.08322490975922,-0.9983117949883774,0.021788385073497153,0.05384074909372055,-0.99852294,0.004907611,0.054110277
158,188,48,0.7939931014089663,96,0.8393301860855196,0.8327955541168123,33.96161727867539,2.7598637961413344,60.13995666909212,-0.44355433199817984,-0.1251709410852761,0.8874636838054135,-0.4086467,0.45032534,0.7938608
171,152,60,0.9893660721465066,95,0.6144619462085474,0.3635464950873864,11.87575382044946,11.867007021867177,89.24196619792944,-0.9760240313763069,0.06209978651170009,-0.2086161707326235,0.9992446,-0.038616966,0.004368494
164,151,51,0.6498364269889569,74,0.9442757255533999,0.9370226544404534,13.381671834426065,9.153708327155792,79.7659449502415,-0.9879528853494629,0.00573277765250066,0.15464873614115968,0.98820436,0.15223229,0.016661458
187,153,54,0.6559211613348437,94,0.8886051664683065,0.9012059955178877,32.41159987484545,3.528653189753613,59.66847422045891,-0.8835655348221715,-0.046051492029219765,0.46603777288573184,-0.77315235,0.49642658,0.39471015
157,171,69,0.6863979084501718,95,0.9554183428585861,0.9516093778571778,5.190599324428462,2.465529953126327,85.18710554526105,-0.9931876399322608,0.011940181169244765,0.11591265659724817,-0.98585176,-0.070832565,0.15191802
169,159,58,0.813371911328542,67,0.9736087744499449,0.965789561800439,6.187545121235564,1.7104885332833348,83.88303351750832,-0.9948717053161272,0.01445950217713281,0.10010600760279338,-0.9884274,-0.091200225,0.121218234
172,193,47,0.611533412321392,69,0.880292403483093,0.9107498952036274,13.49262014124503,4.254607479653803,78.11506747085794,-0.989326974503418,0.05122654121569005,-0.13641106624827187,0.9812645,0.17618966,0.0779567
178,157,60,0.6544718100347893,96,0.9580822419734306,0.9426496527431927,22.414326195040076,2.700032586101178,65.0396956856582,-0.843740434575285,0.1076378310384859,-0.5258480544720497,0.7782213,-0.47360733,0.41239265
173,149,51,0.8748073924857998,79,0.9246346409291699,0.9236998692750866,11.269756303813365,10.161363588158812,83.96262834202055,-0.9825232148230036,0.057371355980157385,-0.1770781179221989,-0.991508,0.12994237,0.0051765414
162,154,51,0.9333685404962384,56,0.847191360204306,0.8154730911580077,22.7424102339023,10.80781148328104,69.23419877293618,-0.9804672881825712,-0.0010571914805738993,0.1966793816089737,0.9435593,0.33079717,0.016405093
172,154,50,0.937924319362092,94,0.9599968447600936,0.964310297779068,3.2912795382416142,3.206852674200745,88.86476938560305,-0.9992277422124186,0.03344467327100245,-0.020624573277239926,-0.99845654,0.0421725,0.036138978
178,167,61,0.6929934256245441,95,0.18722503064206197,0.7976361331398589,69.77656321211528,52.632387161156394,32.33275669309618,-0.9666527392866988,0.06780288193378863,-0.246951920079586,-0.39981887,0.82824224,0.3926317
180,168,63,0.7384147481651745,79,0.2717294660480165,0.48596661986404166,75.96793059954062,66.43897914293524,28.82940309179267,-0.7443789067171066,0.12495127240175156,-0.6559628211719232,-0.4157568,0.86917627,0.26772907
168,170,66,0.6468657075101875,95,0.7551883775191132,0.7319511889239402,13.433395856237672,12.664500970032423,85.75781078418682,-0.9995523019836975,0.029252291230170504,0.006284827513672935,-0.9736393,-0.06613897,0.21829365
185,188,59,0.710823317578699,69,0.1941120061146091,0.28738024295780296,56.81516586254608,24.774301217481757,38.15849994608716,-0.9873825348492801,0.053159202774976044,-0.14916376582447707,0.5343184,0.7456013,0.39822435
168,155,55,0.708351088115886,86,0.9707805660903734,0.9640458619209287,7.164621582030094,3.082620692117702,83.23792451713891,-0.991974205825724,0.010325400484025193,0.12601809822905918,-0.99314225,-0.09800907,0.06373999
175,160,60,0.8758711447330466,96,0.9436093743814127,0.9647565113976991,16.405302116158254,9.257983614269099,74.4126387703548,-0.9287936527878708,0.08444394429658614,-0.36084840419849334,0.9343511,-0.3065199,0.18175149
181,196,47,0.7163649445149797,96,0.8543720109557054,0.868528673740702,7.146367072966567,2.4474201299533935,82.59639260792162,-0.9776556585138637,-0.003251697292402989,0.2101876300845083,-0.9627262,-0.12315126,0.24081552
165,172,67,0.6396340479267508,78,0.9319558057158133,0.9564385350948716,3.06811857251362,1.3004044626882074,86.19088584506302,-0.9590790312721484,-0.015142397782828445,0.2827333011222129,-0.95167005,-0.065240994,0.3001129
188,185,35,0.6697197848712664,94,0.9681427421480946,0.9655715576032086,30.310517257453064,3.790654532377274,59.16703180554153,-0.9944926596181012,0.04487146351336596,-0.09471484428474938,0.83406943,-0.542495,0.10013692
154,180,47,0.6309254102929998,74,0.8182960312465277,0.8488818422514052,34.36795270512815,6.824750210506989,59.285981143172314,-0.7116499046488175,-0.0873320548586166,0.6970850202145364,-0.5227017,0.47238347,0.7096738
170,153,52,0.8853563011305404,57,0.9535647401543772,0.9517926684418034,5.65137045530487,5.2744767611641254,88.42924822055343,-0.9987510143002224,0.035672624854152214,-0.03498392874295349,-0.99851316,-0.0065398403,0.054117177
181,158,62,0.6184272785055314,62,0.8687509313245386,0.9052189806755376,20.62695585592466,13.568925457140148,71.52527789212364,-0.8433982646987587,0.10771082855968984,-0.5263817478922573,0.8903326,-0.3609087,0.27758405
172,161,59,0.8222629650860155,57,0.9215517663394519,0.9097354228052433,7.539605630966313,6.439370035400685,85.25883546950541,-0.9928612661313463,0.047140956140409834,-0.10956384654724405,-0.9942044,0.1072527,0.0073805167
178,181,70,0.6222592429672599,95,0.9636819759258929,0.9569370119213793,11.290059557597784,5.6322895032265565,77.2488687441599,-0.8075457575077704,0.11477000370994728,-0.5785306351262828,0.83668625,-0.27763563,0.47209594
162,178,71,0.6164672441620067,96,0.878457907797701,0.9351690578018632,14.026822214271109,10.813070635517079,78.15601201779235,-0.7575599719641491,-0.07828667422635115,0.6480540760740996,-0.85292023,-0.21991514,0.47346005
172,154,55,0.8442631488715888,96,0.9615739232082937,0.9591134666238812,11.692323587790641,11.33548937830108,86.12937283035126,-0.9883269330967545,0.052242475003144995,-0.1431104368000787,-0.99444234,0.08833067,0.057289977
166,162,64,0.6462949255218652,79,0.9415775944296664,0.9183187828089712,12.927226748252444,12.431018747824988,85.80907368887486,-0.9814904237252569,-0.00021915862684951376,0.1915110965586909,-0.9165458,-0.0796503,0.3919178
172,195,44,0.6935051631277163,96,0.16328626405459273,0.2432363847807778,18.29731889155243,16.92276957173681,82.30183626515358,-0.9811717049929988,-0.00048268225733477655,0.19313687462255963,0.9889237,0.10151578,0.10827974
165,167,64,0.9505155000092514,95,0.7372488414856055,0.9050199074585402,5.638354619991161,1.4878915846150311,83.45476718893681,-0.9541579580777594,-0.017796174689945488,0.29877397343692086,-0.9424435,-0.11423091,0.31424767
158,159,59,0.6393500841284718,92,0.6935614903469982,0.4644309338751561,54.28870133551441,15.47466605179106,38.01888910085475,-0.994931702973355,0.04419820292476788,-0.09031846586806568,0.59514153,0.7547169,0.27605978
174,168,66,0.6739629445813727,94,0.9365658042215408,0.9618472820863184,19.264421503478435,18.94540453893006,83.91976117015246,-0.8937984341446515,0.09546329315134894,-0.43819073333568886,0.9830461,-0.13973682,0.11871815
179,153,49,0.921570585029727,96,0.956784525243799,0.9566254195453511,11.778844714642274,8.903625804551831,83.07098932098529,-0.97190468569135,-0.0073410181781849715,0.23526026307752426,-0.98604107,0.13883285,0.09191551
168,149,53,0.7435136938263303,69,0.9553298352668634,0.9507469033570228,15.752586540901047,11.374153712473191,77.94348788877903,-0.9570041999869339,-0.016280100991674373,0.28961684950822475,-0.9783695,-0.19097069,0.07951976
167,175,67,0.7123691464234864,95,0.8504573033227525,0.8682975613125856,9.216433816210833,7.829574046180784,84.92843829594015,-0.9943823704408962,0.013686867396986465,0.10495890156247673,-0.9693253,-0.08172823,0.23179527
168,154,55,0.8875713468837938,95,0.9323255671866509,0.9490363031337382,8.52942330487862,4.107690023326971,82.14022307376453,-0.9894915399753796,0.007379405265393629,0.14440234310800176,-0.99112636,-0.11706315,0.06296669
186,193,55,0.6461262999282225,80,0.17970974695213437,0.4493010019552504,52.249962863644285,21.477766979996513,42.78686799986919,-0.9606375906143033,0.070998246587551,-0.2685789799672335,0.5582509,0.6874683,0.46448174
174,157,61,0.6262719259333046,97,0.9362534442010275,0.9200504626451267,20.172503086619212,19.49830428899194,82.44823575362656,-0.9155413851083086,0.08894918233734761,-0.3922652356703014,0.985372,-0.1607341,0.056626502
183,168,67,0.9721659130995178,67,0.5957125349088872,0.7274938475268459,26.291403796898358,26.27868236431967,88.64151844677261,-0.8577912236382945,0.10453484815785818,-0.5032560801120349,0.99587476,-0.054157957,0.07280363
158,172,69,0.7199867180001246,93,0.9522002883075757,0.9558262059209665,5.998125607203217,4.7067412762431715,85.55167822259683,-0.9759564695552357,-0.004510409533069553,0.21791885127066,-0.98923695,-0.06290549,0.13211057
184,160,64,0.899575799493104,94,0.2714348669650419,0.06417488786521046,20.7906973396801,11.955859168108,72.51317351435719,-0.9994440231693202,0.03179680850749007,-0.010030329997620192,0.9227896,-0.338307,0.184412
178,181,69,0.6082045280843199,84,0.7184081666388311,0.6271149581558606,10.093109862276012,7.871323335372304,81.13899712202893,-0.8716488110791358,0.10125331652783279,-0.4795582509314624,0.9169286,-0.20314579,0.3434731
168,186,69,0.7455159087602334,95,0.7154792187095474,0.5219914004836055,8.951174753413712,8.43759332321623,86.2158996171585,-0.9734693149005967,-0.006274163895445909,0.22873156278567178,-0.9287785,-0.07014744,0.36393654
174,154,54,0.785756047279831,95,0.9575690043123738,0.9522435270754261,15.335748051316278,11.934626242970937,78.96498268536718,-0.9740173248619487,0.06341303855690372,-0.21741443698557333,0.9763142,-0.2163539,-0.0012602463
166,181,67,0.6838846859312266,54,0.8405131952596373,0.8464554523750271,7.062614560369833,5.797853944833151,84.26787589650571,-0.9070928036146084,-0.03802709843765268,0.4192094767714616,-0.9424036,-0.10043656,0.31904224
177,156,55,0.6031364684803909,96,0.5223899715180118,0.7400188091747293,33.57743951923819,22.815123199528482,66.11288911044363,-0.9374481704015079,-0.02585811051947485,0.34716319783529526,0.90312606,-0.42932016,0.0068941317
176,177,64,0.8034284746611045,96,0.8352150141819075,0.8625220363038858,76.55373659746003,33.39293484184855,16.882639960904488,-0.9816744977726181,-6.591381410905871e-05,0.19056541154744536,0.24445863,-0.9688857,0.038735498
194,177,51,0.6472953232038435,65,0.7517077063440395,0.8162632075301774,11.592043035094699,8.603206973309138,77.52973804133994,-0.15033847137562514,0.15697500122221672,-0.9760928198771495,0.2864509,-0.2919777,0.9125212
169,168,60,0.6550169040972895,94,0.37055398921433447,0.16698468635137148,85.50174267266934,78.91138420684132,17.370939342107913,-0.9759524203315015,0.06214767422263939,-0.2089366885872393,-0.09465961,0.933967,0.34459424
179,162,64,0.6269122401537761,96,0.9719123181570449,0.9826150635766583,17.291044589709777,16.016360694739603,80.26929879643755,-0.8037686127351666,0.11545245260628884,-0.5836323743324888,0.9202457,-0.21692766,0.325715
183,175,70,0.6015919359754078,86,0.9881404719138696,0.9861158076356131,14.229377780603695,13.13461455061085,83.25701529378306,-0.9796804105357763,0.059541131865325114,-0.19152322790891205,-0.9893182,0.13935362,0.04278061
176,154,51,0.8141068897031083,92,0.9517480564340619,0.9325319124526026,9.26309435046797,1.545340720758472,80.40874369221318,-0.9987783786884638,0.03556718612204432,-0.03430343329469745,-0.981507,0.19137295,0.004517503
175,186,68,0.6765584608071137,95,0.76420339012956,0.7027175591853883,13.664229008319996,11.339790001423532,80.92969314313515,-0.9706990714245578,0.06546678320850362,-0.23120859203721694,0.8910407,-0.2105037,0.40216252
177,167,67,0.6215353203493015,54,0.9597637402548537,0.9567571487358071,11.181752023258545,7.1923420615194775,78.707843755684,-0.8462380986140147,0.10710144630008546,-0.5219294594622603,0.8854106,-0.24797222,0.39313856
182,163,60,0.9683867728846426,94,0.6824468367085954,0.4724080151815887,61.89243622627333,24.881623828255787,30.050682557201803,-0.9823219154599434,0.057531077280948126,-0.17813991566743692,-0.46328235,0.8656994,0.18956275
164,165,71,0.6086727226437674,65,0.8202055426562738,0.8553883740615618,89.4494540239421,68.88266633302548,3.5762434238522576,-0.8905114741890682,-0.043781869002650194,0.4528492710430783,0.031380083,0.9901814,0.1362211
176,164,65,0.7853982425397702,78,0.9745617514417386,0.9733761162315765,11.04439113670593,11.051751719528747,87.82637336799249,-0.8899367485444545,0.09652729933324455,-0.44575224516939327,0.96015733,-0.08205293,0.2671426
167,168,65,0.6612532248912825,96,0.9225623491076849,0.8866428617436477,8.23276333491538,8.1475323092229,87.84616388400254,-0.9638720137359177,-0.012396388044650264,0.26607718936450286,-0.99183065,-0.022253169,0.12560584
168,186,64,0.6746880936729253,62,0.8055143525962546,0.7932060895187142,84.29012962625158,67.13518664946758,12.634222458908441,-0.9694176710494375,-0.008976642245615065,0.2452525207843517,-0.057307456,-0.9880647,0.14298244
177,158,58,0.7124569071561647,94,0.7419563067275615,0.6579426322243123,24.123116162536494,13.571565842967289,69.52693692454763,-0.9994879063506713,0.03128289754797746,-0.006730927109589042,0.89963883,-0.38830173,0.19967906
173,180,67,0.8950590457337754,96,0.9403882536196984,0.9651155241655575,16.170219237963874,16.165929165829272,88.47802041918425,-0.9087226018110123,0.0910967782891387,-0.4073384464338767,0.9883416,-0.061789695,0.1391505
155,168,65,0.640096657786776,61,0.9484262258697308,0.9397619653022393,70.52018417711433,44.02976304584915,25.32159705154257,-0.9095767152838956,-0.037118908539587776,0.41387484296848603,0.4256819,0.8804643,0.20875259
182,157,62,0.6339448848931859,96,0.6488703176411894,0.8108557817080502,20.268685563837234,1.0329284892372141,67.3930671941106,-0.8870915570420358,0.09729554886386917,-0.45122294444765887,0.80323696,-0.43604156,0.40580556
154,182,37,0.6916593294199296,69,0.7133795925336959,0.709237896579295,32.63990234784145,26.611866956128363,74.3470920941041,-0.5661000197054744,-0.11044563754481886,0.8169042348015954,-0.12470886,0.20115094,0.97158945
177,169,62,0.8429692443271277,78,0.7213647561768853,0.8096098640467793,67.06964604143941,25.17912002146363,25.951771730892595,-0.9885009200042805,0.006306134997308838,0.15108330090412692,-0.3410192,0.88727957,0.31054926
174,186,63,0.6885640165505198,70,0.4134696096840002,0.3295999757896247,73.88826107907714,46.51893991197991,21.074508754266866,-0.9373148486507199,0.08127023907811401,-0.33887464162882464,0.11918275,-0.9583816,0.25942287
175,167,64,0.633382727808855,66,0.6416223597941284,0.5768640965555885,17.134558777592552,16.908470881824503,84.34362282545418,-0.855549396269288,0.10504428420327895,-0.5069525903863965,0.96274334,-0.14025375,0.2312014
186,185,34,0.644527439611327,58,0.9337363016829163,0.9224491729834138,32.21767538101258,7.517250382942863,57.82116648750832,-0.9941522070734371,0.04537311878176676,-0.09799321029045649,0.81006944,-0.5659525,0.15324923
173,149,52,0.7442973298437559,68,0.9240337165121078,0.9146808824784038,12.754930220378176,10.81901940490596,82.18279152583108,-0.98693700214482,0.05357870743677391,-0.15193642060677945,-0.98647505,0.15782838,0.04423984
170,181,63,0.6624299858746457,71,0.9286494106837523,0.9716722424969387,89.60355571179842,88.07142522432281,6.25164354785975,-0.9944854552659491,0.013846523335953136,0.10395649597781363,-0.017290156,-0.99926364,0.034252033
179,151,51,0.7091944001051076,96,0.9376157845013664,0.93292111253563,12.290673601157662,1.3329749176500063,77.24403410287164,-0.9979395892073283,0.03823132995388799,-0.05152612640851194,0.9690357,-0.24663481,0.011877227
177,172,63,0.7092476366147231,95,0.33420496168083424,0.6100351954942562,76.35071477415904,61.54662679849486,26.081020803797664,-0.9495543786186167,0.07622525369007505,-0.30419762120387533,-0.29618803,0.88075763,0.3695115
188,182,37,0.6167696836691166,96,0.5156545093715414,0.499652913447406,60.513450813451456,58.81071228134796,74.74397374244155,-0.9583637557803092,0.07213348752284482,-0.27628910869676293,0.2540618,0.18665789,0.94900554
171,164,64,0.629434352570805,96,0.9439280422293378,0.9370450522933769,2.35225305550266,2.168953259066612,89.13831400046875,-0.9970644292224807,0.01855821315733722,0.07428402724445937,-0.9930911,0.031502295,0.11303825
184,151,54,0.7982452935662692,95,0.7796397985212324,0.7375730896908058,45.99207387665707,2.457616586536323,44.3147903066565,-0.9928881433606784,0.011528411337404303,0.11849147862112545,-0.67857575,0.72675586,0.10658753
172,152,59,0.9076672562685608,93,0.9633943462628438,0.9719820048573728,13.538045830169857,13.48523761231395,87.07895496659849,-0.9557537619454042,0.07339377138748106,-0.28486505726173245,0.99540925,-0.07997156,0.052583292
184,184,32,0.6607558213485463,96,0.9289275432783881,0.9205614590286537,33.54690136031064,4.217460042285055,55.83120473378481,-0.9915279517363574,0.048790018633397686,-0.12038212079564162,0.7970105,-0.5921982,0.11864059
191,178,50,0.6538447103395684,94,0.5294553496365972,0.9148794608320211,3.712478949230195,0.5349301732072909,89.33725220549341,-0.39351850450215503,0.1534502677743216,-0.906419440399629,0.38764173,-0.08987749,0.9174181
164,172,71,0.7740457508300308,86,0.1847722065781197,0.1825724373091969,89.96965230119659,65.62855662032935,6.299932321431226,-0.7833255727061692,-0.07271167551527635,0.6173443604572032,0.051477898,0.98229015,0.18015593
173,156,58,0.6222498172621532,57,0.9477057235508008,0.9746201594675293,11.874064672702152,10.352192129982633,82.98568105204416,-0.9813603634930843,0.058280654052674546,-0.1831261923590239,-0.9891309,0.14699379,0.0035961154
175,151,51,0.7528640602079665,96,0.9354664559625091,0.909783156318475,10.983119617036607,8.599843110910461,82.23827890241034,-0.9904352207207634,0.05003803797548667,-0.12858564582167148,-0.98700273,0.15798604,0.029429585
175,176,69,0.6943564877485653,94,0.8773461377790787,0.8690225174350679,34.42270168203474,34.0919135794562,80.38446155248685,-0.7263024889865135,0.12744867302940968,-0.6754565346749102,0.9691096,-0.20235708,0.14099017
173,163,62,0.833711355908096,94,0.9224730768795235,0.9597837701022545,13.938939752428523,7.998425535398006,76.82338698558614,-0.9490572922719523,0.07644334422764154,-0.30569048252885533,0.9525901,-0.2638376,0.15153162
162,154,55,0.6681267150139962,72,0.8187467695909011,0.9384293775498903,21.58558236855747,6.270150696710158,68.50433296232553,-0.9724611543757546,-0.006965117426405347,0.23296092026220025,-0.9319775,-0.35100558,0.090626225
169,149,53,0.8249239569903343,78,0.9042252510787192,0.9025091685736216,13.785436178831327,7.876810168407084,77.9153980879617,-0.9757317571220941,-0.004673452807263778,0.21891938466542651,-0.97939694,-0.19049297,0.06703803
176,155,61,0.7317660672177638,95,0.9187136294240869,0.8936387859702771,14.119427354843856,4.934356474997923,74.4530071740851,-0.8952459004284259,0.09505792236426813,-0.4353145634617408,0.8908272,-0.31559372,0.32684478
173,154,60,0.6068767205731561,64,0.9486007179576325,0.9569315394811323,17.859757426414937,16.66802747985416,81.20524034774127,-0.9092095605242605,0.09094683701408823,-0.4062839498287057,0.9752638,-0.18664052,0.1184308
166,150,50,0.833591305741573,58,0.9370163124800723,0.947816457630824,10.893119366895844,5.826601263687111,81.21357071219077,-0.9989815724570846,0.03471692668427513,-0.028819314578408212,0.98304105,0.11812757,0.14027219
182,175,72,0.6134717323286096,96,0.9350262240126301,0.9074849288214418,17.6845796052368,9.288140559953595,73.48278958063638,-0.9697604666136382,0.06602397011059152,-0.2349584490162775,0.9483096,-0.31289044,0.05299594
179,172,67,0.6745189425262113,68,0.6679827619190386,0.9693395825314916,38.90066421394774,38.130509760500274,82.96170932229336,-0.955993482607788,-0.016824168494824158,0.2929051187089274,0.92276865,-0.17179862,0.34493962
166,153,50,0.6386128709463064,88,0.9417620017996545,0.9688792670193462,16.180065225801354,0.16648133355263844,73.7480805506761,-0.9966856683784853,0.017749539656352786,0.07938911947439622,-0.9640277,-0.2605289,0.05268189
184,172,69,0.9870230451197639,95,0.548816176718741,0.6270399805248771,10.265106346448151,8.172483092137352,82.4207219749288,-0.9725226357841851,0.0643551300140722,-0.22373676525831265,0.9838834,-0.16251615,0.07457934
173,149,55,0.7677660221562593,62,0.9369021640128621,0.9251254132151406,14.98939786263047,10.965281072219437,78.40609599770247,-0.9748748604355753,0.06285895113038206,-0.2137001608644835,0.9738848,-0.22678694,0.0107734315
166,173,68,0.6080041304585563,92,0.9524796010627326,0.9591855899505187,10.363856061918208,0.6203618505613765,78.81140569284312,-0.9699065325772843,-0.008660616233004433,0.24332347151554046,-0.9585862,-0.18671311,0.21505968
164,173,71,0.6956880541907521,58,0.3479536479243317,0.37333997789991347,87.80572799363415,63.32202846956793,10.094287488268481,-0.8277025925891388,-0.06205915303215338,0.5577249140446839,0.047340855,0.9679569,0.24661377
166,176,68,0.7518765591777697,95,0.8601355022355676,0.9562602820467218,4.806315204385706,2.45610381979773,84.82639172560252,-0.9584384598587576,-0.01549671869605251,0.28487816759665535,-0.9677862,-0.083962195,0.23736106
182,176,70,0.8127203929050227,69,0.973861816118822,0.9709117373056682,9.796267279794446,3.2895281163552377,79.49506439284262,-0.9755667602407797,0.06240422511760083,-0.21065424040541175,0.96597624,-0.21752845,0.1398974
174,165,63,0.978046892499562,94,0.956509342924968,0.9576460729483439,14.500657076923728,9.07853849198738,76.79481491930687,-0.9398903050105684,0.08026058288569626,-0.33191030924330933,0.9508689,-0.26492873,0.16019078
183,183,40,0.7519575599642068,54,0.8177656959336017,0.8313393115820159,15.543526808439921,10.22413505835785,82.88273887100425,-0.05545171092837395,0.15569081386944475,-0.9862481828788259,-0.1164001,0.053072322,0.99178344
173,165,65,0.8889374472276899,95,0.9467395824050826,0.9520634930622551,16.488143365792006,16.242482396495703,88.63943550504641,-0.963769960476919,0.06937161550696047,-0.2575559012025791,-0.99983215,-0.0001528622,0.018322635
168,153,51,0.9520544913731697,96,0.9694984070451685,0.9712348029921956,3.2014584606551684,0.05748347080309768,86.45595540292358,-0.9905146592220181,0.008544259820537664,0.13714118816172163,-0.9901677,-0.04706096,0.13173172
168,164,63,0.7266038046222882,83,0.9364673279240326,0.942089539188879,13.667343830166175,11.100049784134153,83.28298576293349,-0.9412213589476206,-0.02414538304998848,0.3369263331028961,-0.97862095,0.12991448,0.15944687
171,160,64,0.6533807308048383,96,0.9618435192581889,0.956988155449168,13.7324950113073,13.403076181214251,88.17294081948305,-0.9801969153104284,0.05915988242264811,-0.18898178623258727,-0.99918455,-0.00988939,0.03914618
176,166,64,0.9824903978761071,94,0.8858892337349821,0.9416379627667051,12.44791603566326,12.399970999594364,88.86065884226073,-0.8948699323759548,0.09516357152743507,-0.4360638700736363,0.96993226,-0.061824698,0.2353914
166,185,69,0.7951520091228516,96,0.9365486380448882,0.9555518588187366,4.862110915542377,4.11851158648959,85.18692882924381,-0.8457577638748874,-0.057259340759155404,0.53048578938665,-0.880544,-0.09679586,0.46397504
171,193,48,0.6104809121740739,72,0.8645967811243485,0.9224500715889609,7.541571054634174,5.785594724971892,85.86254526177905,-0.995156196360341,0.043841242097842674,-0.0879891489726812,0.9988358,0.047831684,-0.0062591834
168,175,66,0.7042026606131508,94,0.839051232521712,0.845316047422206,11.797099130548283,11.795985194556705,89.38687691371004,-0.9703585975027659,-0.008366051647723555,0.24152474289872078,-0.99917537,0.011370539,0.038979266
161,179,71,0.7252205073143236,94,0.8164334161844854,0.9591515492778412,18.126638916437116,15.469698109516955,77.92985115727872,-0.8214288021564656,-0.06365784938982609,0.5667472110199187,-0.9278153,-0.20959121,0.30859408
168,170,67,0.7056099016011399,85,0.8576887822027148,0.9321693287484314,11.797065801262912,10.628520534266835,85.29526199145756,-0.9989376034506964,0.03491241822595774,-0.030079685267553814,-0.9867442,-0.06856225,0.14708856
171,181,67,0.6602203488051792,94,0.9184970874677347,0.908750283461421,5.934452463812388,5.724683453872615,87.54842796844687,-0.990861642254975,0.04956079052027608,-0.12544693679312843,0.99727845,-0.069678836,0.024094047
164,171,63,0.7019535396638473,93,0.9604325223787148,0.9542143453770154,74.19562236419549,48.870128149236294,23.368562833731996,-0.9762840200742883,-0.004271364188233706,0.21645153636682374,0.3421319,0.8896484,0.3024426
169,155,59,0.7777642179698897,96,0.9567249170468033,0.9662785726235213,7.424101818986609,1.4854522570226356,82.27097927019116,-0.9869802357441722,0.004747218048253316,0.16077150920228592,-0.98498493,-0.11955152,0.124548
172,170,66,0.692465636638919,95,0.9154758745615497,0.8934454087589991,4.814370128786443,4.023114587031581,86.44093316842532,-0.9899271582512221,0.0505917323629905,-0.13222971667961606,0.9940482,-0.09157057,0.059017286
158,158,58,0.6654500284000544,96,0.6978471150283541,0.8848478651217327,51.39463777483924,8.668799524760134,40.51268943400743,-0.9708559920106684,0.06537266016722149,-0.2305754932330015,0.6200234,0.72460985,0.30085135
161,159,64,0.7859335423651679,94,0.9358395276022655,0.9569942167356735,16.985727235731556,6.324814253486509,71.88838664657634,-0.8345667459610915,-0.06027042633037849,0.5476000568351591,-0.7381597,-0.33703002,0.58440655
164,170,68,0.8610134756005743,73,0.9246029556539108,0.9557607924467706,8.059291795280476,0.2682551318886751,80.30812820986733,-0.9112439155572016,-0.036501865400534954,0.4102464383541443,-0.90019315,-0.17610133,0.39829707
191,177,34,0.6504329923225669,93,0.9307828645794014,0.9254111642427119,77.6210644623399,74.36596137099629,53.38435818847973,-0.9993605319073923,0.0264748352754738,0.02403352581105368,0.248072,0.53155106,0.809885
172,196,45,0.9096609311416013,96,0.5997601244377665,0.845695150789446,1.583531878768656,1.4120244706017142,89.95579608597187,-0.9958021605078754,0.042758516007211825,-0.08093062730949616,0.9979471,-0.02849986,0.057352975
174,174,68,0.9360820935294035,94,0.9179015662163597,0.9703722492953725,4.935026412031408,3.778629202922071,85.12732316357908,-0.9500716062908056,0.07599699786630043,-0.3026357533988976,0.96379477,-0.12686633,0.23453075
177,150,50,0.8741677246018839,96,0.949227571505272,0.9427850302643933,9.072010089607419,7.295347313561237,83.74296703034443,-0.9918858073505736,0.048362315392616845,-0.11757394110246568,-0.99099386,0.13293791,0.016083289
187,157,58,0.746764992251577,96,0.5606878409654565,0.6262342775259555,65.33577956565813,58.62471575525186,48.11128282325722,-0.8594289646715176,0.10415905710053955,-0.5005324619917972,-0.6396228,0.65580034,0.40100947
166,155,54,0.7679521214463381,85,0.8890420794662482,0.9079310726781805,17.723522121167615,5.11267492892895,73.21510094405488,-0.9994415570876235,0.027199176786141543,0.01941078948479222,-0.95887643,-0.27178025,0.08180139
168,152,55,0.8182041219458323,63,0.9311358656982673,0.9408665212739277,10.32940424074766,3.2883322158269586,79.48010392167116,-0.9760466034710051,-0.004444795081285702,0.21751614112382514,-0.97463447,-0.16964965,0.14596814
174,153,53,0.8635021011474221,95,0.9513011748675286,0.9570483977322781,15.035459840990626,12.582202974428204,80.47966652060371,-0.9794061758657682,0.05974139659473984,-0.19285877788916492,-0.9815635,0.18784982,0.03529169
174,162,60,0.8750774323996359,81,0.7064436602451881,0.6209295596993376,20.357892547789458,16.76897432732446,78.55554942660837,-0.9928434050234747,0.011467692165361256,0.11887163302400294,0.95994323,-0.23452778,0.15331577
170,153,55,0.7280458280237643,88,0.9514008836836133,0.972754657155124,4.523132516258129,0.7605547880607714,85.6210049114723,-0.9986455515734456,0.0229115239187915,0.046713214343346514,-0.9969904,-0.055660468,0.05396398
167,163,65,0.9369739757340874,65,0.9462988088018861,0.9698254349755028,6.484145325725157,0.7550522883412513,82.86432365701837,-0.977254250045293,-0.003553307190536397,0.21204128083093035,-0.9697048,-0.116377264,0.21477646
172,163,63,0.7773013694486766,96,0.9411136223864324,0.9297036717482968,16.33519752040656,14.068803221409727,79.85383497455018,-0.9496013194721896,0.07620459268827577,-0.3040562351110241,0.9773417,-0.2050906,0.052355018
172,153,58,0.646852269411176,96,0.9628279489126848,0.9742126163313741,15.677143944822248,15.597304735239291,86.61653814317805,-0.9526176287819886,0.07485292066301252,-0.29481637268306204,-0.9959569,0.08606316,-0.025749719
164,153,60,0.6013317374564526,79,0.7367338765281897,0.7975293509988322,17.194371229139744,12.960675177991542,76.61554625271653,-0.8809257995876478,-0.04689457790624642,0.470925295757043,-0.94387513,-0.22653481,0.24037825
176,196,46,0.6995381985116286,68,0.9605968644440266,0.9635738401862164,13.145751038006384,1.737375018711799,76.81255580706004,-0.9951743869415055,0.014957550009925116,0.09697531270018894,-0.9712968,-0.21251279,0.10686906
176,164,71,0.6240376301387002,87,0.7700884579573078,0.7334179122887621,86.6612995545688,43.9199656510568,5.974294731949,-0.9631210000113931,-0.012838395470652627,0.2687621903073295,-0.027944148,0.98612136,0.16365756
163,182,69,0.8328809088899085,76,0.8218928010700014,0.9558578296324789,13.198516333825388,12.736416612746526,83.38563495975029,-0.7211505921169473,-0.08554421083466268,0.6874765534053152,-0.85298014,-0.1319299,0.50499445
166,150,54,0.6589280496727906,58,0.9078789177830087,0.9106149573259237,13.281523791211907,6.7546412837817496,78.015442876511,-0.9846588626727631,0.0025375169744825676,0.17447201829400807,-0.98150486,-0.18683515,0.041723866
176,153,58,0.6233743955470769,63,0.9475308991131614,0.9323252650167312,21.732399948782025,16.971072374517608,73.48042336967761,-0.8574445089544098,0.10461400410780826,-0.5038301541278196,0.9238885,-0.32362026,0.20420572
172,162,62,0.6632734034721892,96,0.9479226298214467,0.9653538098917889,16.98592469477064,14.816453327968432,80.04129849461142,-0.9630194646215031,0.06976837268672963,-0.2602419738104501,0.9802655,-0.19760983,-0.0054761344
175,179,64,0.8498314422562757,76,0.46325758310469656,0.8503583611141179,78.91565289953506,37.07748779010933,14.313645524919707,-0.9918653217392368,0.01018697427152526,0.12688344685699376,0.19017272,-0.9804703,0.050123744
174,155,51,0.9241505387365165,95,0.8148333999296008,0.972504724910603,4.881434565720801,4.471883964987787,87.91092109130835,-0.9990465481773262,0.024584516415488856,0.03607764027186308,-0.9918323,0.05271965,0.11614348
184,186,32,0.6507905187409552,75,0.9464560372634798,0.9392517564219369,41.43199298222273,15.89508933099612,50.37503141982404,-0.9926977133948385,0.04735187020278414,-0.11094615905455228,0.6957139,-0.67543095,0.2444897
165,150,53,0.8305825172930982,96,0.9074688646017273,0.9111090601658971,22.356183239156046,5.68882313249294,67.71335806271613,-0.9802873481711228,-0.0012022549013778472,0.1975734536793338,-0.9299344,-0.3619744,0.06478143
184,152,49,0.8618232198807847,75,0.4467785336189949,0.6111512497206345,26.632763774368623,8.887098207965334,65.5312948610303,-0.9755480634835182,-0.004806162058536457,0.2197336493116717,-0.8975727,0.4310348,0.09258647
177,165,64,0.9453533705154662,96,0.9214974773580712,0.9550083411165023,8.78018873839239,6.662322076760645,82.15415273714493,-0.9157862715248662,0.08887006132673919,-0.3917111398548244,0.94485295,-0.18098922,0.27293923
176,170,67,0.8215767594813457,91,0.9710343344389114,0.9773597377711694,5.882822448973918,5.38396431306884,85.21103307146639,-0.883519083035811,0.09824214183479921,-0.45797654031540835,0.9196786,-0.13434976,0.3689734
173,171,67,0.9265013859226849,81,0.9707612506656853,0.9789912801394377,11.53331836513837,11.418755587994955,86.81856399759691,-0.9633645302705316,0.06958652118529196,-0.2590106134620105,0.9944946,-0.08513689,0.061091643
171,163,62,0.7358405416331506,94,0.9372211626366991,0.935550842130978,7.312040402913842,3.2740002398151775,82.69895645437173,-0.9940033344486774,0.04558736236991285,-0.09939398119134267,0.9873819,-0.15472119,0.03373958
164,155,62,0.6124689846827905,70,0.8560563038504057,0.8922175398910542,14.616494277426664,8.579752221222007,76.03106376133788,-0.8650842343072439,-0.05175012086500508,0.49895009023298803,-0.9084243,-0.24473076,0.338928
168,181,67,0.6624935754492921,69,0.8289043128084023,0.8108430931507113,13.389045126167662,12.704596363154137,85.56561142659993,-0.9948903300516357,0.01448968047229417,0.0999163666751257,-0.9478859,-0.07693221,0.30918264
181,164,67,0.7751665770603341,56,0.9519902728064672,0.9485052208435787,16.271282285713802,4.142107883662062,72.78659921661712,-0.9652426932577214,0.06857933720686277,-0.25219718004142716,0.9308234,-0.33163446,0.15357865
184,184,40,0.6866440303618263,82,0.6788327754503911,0.5458827892146161,8.668065018723688,8.502633521098891,87.17647280890681,-0.12472491405552884,0.15676797171066983,-0.9797282780748771,-0.022074934,-0.123014964,0.9921593
176,178,67,0.9166502339764918,94,0.7650190401117681,0.7447145336981381,22.996347787571754,22.480524287555816,84.62471960829801,-0.9993505382186672,0.03261900097285434,-0.015313475686252805,0.91044015,-0.1457,0.38713086
174,161,60,0.8083479043592131,95,0.8705617458595358,0.9636366396602296,14.25860964500593,6.672155118576796,75.80823453457339,-0.9596784502568957,0.07148154613681189,-0.27185963413940983,0.9500968,-0.2799975,0.137541
167,165,65,0.832063131937504,95,0.9422312471556443,0.9621715589966181,7.474180845346322,3.318807792247623,82.66153882355509,-0.979882420627099,-0.0015262545270648966,0.19956981809155344,-0.96176916,-0.12235743,0.24500766
161,154,52,0.6475600837956264,94,0.695095966911528,0.9972435657663972,30.239210314919355,14.841009232925218,62.09759917343841,-0.9471600463290569,-0.02133053685071074,0.32005133156354676,-0.8931354,-0.4490196,0.026278082
174,170,67,0.9715811478366497,72,0.9706789078341294,0.9814926731915915,6.485688917229486,6.395564709329804,87.2202945074967,-0.9512987634913597,0.07544989019723575,-0.2988945912007029,0.97797453,-0.08730353,0.18958889
171,153,51,0.8074222447158285,96,0.9653615661708475,0.9662676982861933,6.942376204835583,6.941706202939813,89.65805261521646,-0.9988336366824445,0.03534838537860311,-0.03289160809155104,-0.9958518,0.024369007,0.08766607
162,159,64,0.6388626122426099,94,0.9526785672656873,0.9518829393963976,13.526049300761722,1.6191482828811208,74.17722319100915,-0.8215670062087602,-0.06362299527382241,0.5665507645229703,-0.7811176,-0.29507732,0.55025876
172,172,67,0.627506150772531,95,0.9488648654472719,0.9721156947932125,21.234386392591787,21.239569884457403,88.73305016861703,-0.9648005960484908,0.06881912497739466,-0.2538183167185193,-0.99291605,0.038642578,0.112358876
165,163,64,0.8073369493505149,96,0.9580668530839644,0.9772474876054484,7.319785813639198,2.7227750332334995,81.59593472392113,-0.9142973113638124,-0.03535561925028353,0.40349771575602883,-0.9258045,-0.14937846,0.3472351
174,150,49,0.9865933485564087,66,0.9291171767281564,0.9214937891907672,12.5727942391152,12.270771532165204,85.89824356699327,-0.9742416775649229,0.06326906461876587,-0.21644902207621877,0.9953082,-0.09674975,0.0010543647
169,164,63,0.765512548218117,92,0.9542944536831564,0.9614347810867861,4.786064582620054,2.2166845746870534,86.08083870465718,-0.9910789865546042,0.009214756893704074,0.13295687520880076,-0.99127895,0.085912585,0.09992552
183,181,71,0.8721978163380198,54,0.9175068934851487,0.9383866803160964,9.473644440617736,5.620691345627314,80.20546592178785,-0.9109970859313887,0.09039202177790345,-0.40238488021224295,0.93009084,-0.21613057,0.29701635
179,167,66,0.6710648833437917,77,0.7006483025611634,0.7776615033474844,8.579394236186593,7.170169901942159,82.99341546492339,-0.8990522349027023,0.09397421650381795,-0.4276376100730032,0.93769413,-0.1685498,0.30384314
185,189,59,0.6898485092318257,76,0.3439726467534295,0.42872754720213674,79.72321697303211,71.05629482329054,45.33994139921829,-0.33907548133775134,-0.13513037375513612,0.9310035445928064,0.5723705,0.6537531,0.49497366
162,161,67,0.6053504166975723,96,0.8754474862961593,0.8646077997998158,13.139261114437303,0.4270539145793707,74.55127593427363,-0.8321827038029814,-0.060896506292375974,0.5511474966037148,-0.8124079,-0.28488562,0.5087569
169,182,69,0.6471288010893561,95,0.7843055914702156,0.7566191344682777,2.771061451651156,1.5220467318676552,87.37763331323721,-0.9915574674809098,0.009800746714776098,0.12929707671357948,-0.9945934,-0.028456194,0.0998714
182,165,62,0.651645583532858,94,0.5367524108284516,0.630431856237784,67.74366783377748,47.74323352811019,30.889074764677172,-0.899036789769362,0.09397866832902324,-0.42766910168996747,-0.45431575,0.8530006,0.25687975
183,162,67,0.7567554968275221,96,0.9450968587897008,0.9488257498796089,11.545743759465315,2.6155882913603343,77.89299819240667,-0.9914810635566463,0.04884531994721919,-0.12074533253022737,0.95812166,-0.2454083,0.14757253
158,170,69,0.7768819639120919,82,0.9566369505453612,0.9482937445012665,5.160978805965456,2.8747575577094757,84.98348754082849,-0.9757507842934867,-0.004659674937633113,0.21883485641031064,-0.9836532,-0.07531014,0.16356902
170,165,63,0.8009525403405163,58,0.9700113563612435,0.9672873789752083,7.384321836104081,3.9397755226101716,83.66130457883932,-0.9987197108307283,0.023187788088598917,0.044958488428156466,-0.9846091,0.12637846,0.12072
171,156,54,0.6247122014603141,82,0.9798443743245028,0.9782782755455479,5.550000399267609,0.1053158167874935,84.21128133398848,-0.9995226727129228,0.028296654803857336,0.012398631365066916,-0.9920003,0.12441473,0.021363962
188,169,34,0.6082124433255227,63,0.2596928199253965,0.1815422254485641,44.35382353804486,8.110890726749254,49.90401567863423,-0.5674646771009612,-0.11026032378493641,0.8159819245801606,-0.32447663,0.5995083,0.7316452
162,183,69,0.7298605021721272,78,0.9512702061702598,0.9416398489991222,11.040896075989865,7.001787372232994,79.77345629960035,-0.9096538410522709,-0.03709049972363554,0.41370784895757196,-0.84279567,-0.19449869,0.5018623
168,179,67,0.6528686982680925,95,0.8574149544662494,0.8847601564903123,0.8861132838870033,0.3073718821090548,89.33390709729635,-0.99496712613108,0.014614747008559498,0.09913035402103436,-0.9950519,0.029484482,0.09488065
177,153,55,0.6222471614788048,79,0.897984498886203,0.8750282347154231,16.77866140740947,15.512780039111583,81.90839886765637,-0.9599700197118353,0.0713353228086658,-0.27086681777996,-0.9861876,0.16558315,0.004043908
169,153,51,0.833216290616058,96,0.9508529436339781,0.9661583455970009,1.4030535264952473,0.19691472653474063,88.49661025050561,-0.9959635921181756,0.016342757719016988,0.08825778971398433,-0.99652016,-0.007570163,0.08300801
170,178,66,0.6939513350129044,96,0.9188971486443355,0.9115407215722695,4.948992973132465,2.3163599193488764,85.55304561774255,-0.9985738719651205,0.022654961298083996,0.04834226884590463,-0.99097705,0.09556525,0.093977325
178,167,65,0.9946316639732784,95,0.1449455879724314,0.3367483607169909,30.13436977418947,29.447155015817604,83.95682626756808,-0.982053944348739,0.0002524740772732182,0.18860007064135526,0.93954027,-0.15206149,0.30682486
164,180,68,0.925828210796781,94,0.9659149356108998,0.9724601932773286,5.642674825110996,2.936878779861547,83.26233431410166,-0.8825524778087382,-0.04637626901692288,0.4679213241408504,-0.9018203,-0.12600018,0.4133329
176,168,72,0.6265383257792149,67,0.334111999439139,0.41517635006028125,89.48867593743421,67.13830091172093,7.56545290954539,-0.8145932325522408,-0.06536233562994122,0.5763381217315838,0.05345123,0.97793835,0.20193964
161,157,56,0.684428039789642,97,0.8299299319465798,0.77140658537126,54.042995415304176,26.348669061575553,40.49486693549614,-0.9888537754203055,0.006682761338200313,0.14873987877467448,0.6369189,0.7278925,0.25398222
152,179,39,0.6156122309267671,63,0.4866695504920497,0.4866507092666607,26.510591136477515,26.42681674159564,88.59005620735354,-0.49095343170955413,-0.1199006564825761,0.8628954516438591,-0.052033935,-0.09766114,0.9938585
171,158,56,0.7570346623333006,71,0.966560008936083,0.954105465053566,6.359603811436621,6.355882083359997,89.58864969866553,-0.996447842272255,0.04157603868374649,-0.07323339838034772,-0.99888086,0.029445685,0.03701389
170,155,55,0.6607935109877924,95,0.9658237280975873,0.9744312230987436,3.769189188650116,0.8886562960319273,86.32888967902562,-0.9976500237247857,0.01993980112713559,0.0655502440342134,-0.9980663,-0.04261937,0.04524637
173,156,54,0.7875494600421198,63,0.9603286527725187,0.9499568834746714,9.944389291828044,5.586656469435489,81.22618478203205,-0.9980050717055845,0.03805377392047758,-0.05037645422556428,-0.98320895,0.1733688,0.0569518
167,150,55,0.6276330886339747,94,0.8571618771712338,0.8727064947378332,13.238234314698895,7.738606443634898,78.46168480849491,-0.9743126897522018,-0.005685861273792394,0.22512763839521172,-0.98035246,-0.18181485,0.076501876
174,154,50,0.9631341443582258,94,0.9741809695258961,0.9768945346454894,4.605177578036199,4.505783598553095,89.4780106776665,-0.9989903510092046,0.034676999772489704,-0.028561937561814604,-0.99874365,0.012236473,0.048595086
171,155,61,0.7179102431769683,55,0.957935667225493,0.9544874773915837,7.476156492381296,7.4054049421432016,89.70902353012181,-0.994493034225412,0.044870900700121764,-0.09471117752141685,-0.99931294,0.017484536,0.032680497
187,183,32,0.6690959478116189,58,0.9602247705712303,0.9618785254782042,37.20213780903952,1.5599331137399106,52.01843585437246,-0.9928062530956483,0.04721219309482565,-0.11003068952504386,0.76481265,-0.6411708,0.062940955
175,151,52,0.8132508849068362,96,0.9367744676891101,0.923041710090029,15.943928314518239,9.28263901060892,75.91169725660355,-0.9850184181374712,0.05530170106766469,-0.16334147602178883,-0.9635272,0.267227,0.0143206995
169,168,64,0.7150943168100683,95,0.9559004906784401,0.955659508031994,5.343203432076625,5.260248363296243,89.82084831161758,-0.9742008257338213,-0.005764450061032656,0.2256092246674206,-0.9904319,0.01770627,0.13686165
184,171,70,0.6047157075498351,91,0.9525390282683787,0.9642902958540545,14.220644847317802,11.745734412254054,80.16846713890263,-0.9483691764156705,0.07674321373603553,-0.30774402410140794,0.9744536,-0.20288023,0.09633146
191,178,48,0.7038507225791709,76,0.47858148859611377,0.5322863565373702,22.845610900669854,14.601449827010287,76.20403055740941,-0.5919735345952016,0.14180140867413896,-0.7933849600521135,0.36846587,0.16155384,0.9154962
170,163,60,0.7359934555242359,96,0.9680525574616035,0.9610119389981394,7.3062799956620585,7.1798208113188515,89.05716642535283,-0.9991149053593693,0.034072549599513884,-0.024667128988338075,-0.9951512,0.0010604224,0.09835115
180,168,66,0.9870128752332019,95,0.9561328115222931,0.9185309195555437,42.12097695752658,41.49967282898999,83.53704276512116,-0.9492647486194761,-0.02029418148164064,0.3138225346057755,0.910423,-0.16408804,0.37974352
184,160,59,0.620919983142512,66,0.47962246515759094,0.40457008530646643,64.2385550989686,52.639174075353836,41.26978800051472,-0.8501067229614282,0.1062579761089287,-0.5157788305940986,-0.59635675,0.74689186,0.29412788
185,178,71,0.7844135605655177,78,0.8470998187887757,0.8347942766899313,4.723883810239876,0.24216458183825249,82.67802276581243,-0.8567497983659121,0.1047722093252368,-0.5049777887720188,0.8507247,-0.18588722,0.49164364
192,178,36,0.6595278129979405,95,0.9178748225984991,0.8692619928502892,78.70409090446903,75.93896648162462,54.421539397772875,-0.9992869032869331,0.025941270612149354,0.027436023732288123,0.23205158,0.5161924,0.8244377
168,150,52,0.7018233187479794,96,0.9570896058299087,0.9600442773515125,13.963140814963804,11.574436802536596,80.99926077259344,-0.9538577357260754,-0.017953256880508698,0.29972170519151126,-0.98605317,-0.13907579,0.09141764
185,158,64,0.6596398358601598,82,0.9593717356126021,0.9542758755731223,17.21908967757444,4.759846455484522,72.88528905998368,-0.9978272190008736,0.03852771338303908,-0.05344582605271727,0.93882245,-0.32682374,0.1086214
171,151,58,0.9436806566112353,78,0.9642914684297639,0.9798909548422183,5.256429797396313,4.288112652084225,87.67935550754447,-0.9948322823370221,0.04435344200236651,-0.09133182469793487,0.99968565,0.014033888,0.020776462
184,181,32,0.7133420537630597,94,0.7158021822296585,0.5606957621740497,74.20236936871976,71.56329177328624,59.00557341434175,-0.9957257167808461,0.015910642417376667,0.09097883489656666,0.3555748,0.44626972,0.8212247
176,168,65,0.6877281242055395,81,0.8721032746368418,0.9267216547778236,3.0955022889894295,2.6317269769629483,89.93409758531986,-0.949630219476852,0.07619186938236877,-0.3039691518828283,0.9639346,-0.044895753,0.2623253
174,155,50,0.6098290997476973,77,0.8435391233553785,0.9675900640624437,8.05860486928604,8.05286064577396,89.30058037177635,-0.9992689998233202,0.03318816322958483,-0.018973977272777113,-0.9922218,0.028023375,0.12128743
172,157,60,0.6439502570971922,95,0.8985407238691666,0.9320287725377463,10.067376834266675,7.170659580328214,81.68985739317326,-0.9782393539796591,0.06057755378671202,-0.1984392257157774,0.9825221,-0.17443709,0.064977795
177,167,65,0.8269299988800186,95,0.6304265365160588,0.7698250260226936,3.2004804221511325,1.9225336994781188,85.6378396097107,-0.9416659927353469,0.07954941467833351,-0.3270123067257382,0.9488661,-0.12182121,0.29122612
172,167,65,0.8640297852719145,87,0.9647290431338917,0.9691363768024626,8.377408158359353,8.378735643934974,88.94136263829623,-0.9825893573313711,0.05731865515483426,-0.17672783207623047,0.9984339,-0.045920596,0.031954434
179,149,50,0.8594819752407146,71,0.9501444345084182,0.9391349983513346,10.05452777299171,8.146981474140224,82.77545978070724,-0.9742693468900099,0.06325125965130485,-0.21632965091044945,0.98543024,-0.155903,0.06798194
179,158,60,0.992827894057101,96,0.5729282917786882,0.6381818983529813,23.86536712054925,8.519577372800809,66.11625376614694,-0.9634698755286571,0.06953081044951373,-0.25863345751667116,0.8263805,-0.45193708,0.33592877
175,150,49,0.960323746135912,76,0.953655212974263,0.9412092098368475,10.895761008799065,7.7823182853413435,81.50339473842614,-0.991978546123025,0.04824979603471724,-0.11683544502529038,-0.98491096,0.1707731,0.028053254
163,160,62,0.6924056370275575,96,0.9458034460106014,0.9775373142655539,16.220417254261992,2.537595675756487,71.46811554360113,-0.804889065736305,-0.0677188478767744,0.5895487677032157,-0.7949406,-0.3366375,0.5047225
170,153,50,0.6435167729199851,95,0.9545386259414009,0.9703719302148072,3.195052989022557,3.0343480075826563,88.77080172600367,-0.999498573379251,0.027891405968402203,0.014989038860046579,-0.9967582,0.041315917,0.069037095
179,170,67,0.7342939412485748,94,0.8287167260623894,0.7199525229031798,33.750766303266886,32.7801086578329,82.18303611891892,-0.9812711042305637,-0.0004007421867199824,0.19263140815513458,0.91680014,-0.18580614,0.35348776
174,152,51,0.7715293196665525,78,0.9465445068933851,0.9210143133835955,5.506333799703543,3.9591135081181075,85.5992299483407,-0.9975081102534012,0.039319705356442136,-0.05857926893851754,-0.99479616,0.100739695,0.015239055
179,153,51,0.7265710844841027,82,0.942166052644119,0.9304084955747841,20.767656730289595,4.572399987622091,69.86842937376177,-0.9953187738555398,0.015201123567655597,0.09544351341492914,-0.92992413,0.365475,0.040855665
177,155,51,0.7785929339455865,96,0.6209103747506293,0.8791436451326609,12.306715441130828,5.451183545646823,78.55892127216029,-0.9992510676236045,0.03330180436899425,-0.019705168836011235,-0.9722625,0.2167503,0.08789164
174,158,61,0.6598400840670474,96,0.920771082606773,0.9120503491918266,15.763958698362929,9.128917003819804,75.11070892759342,-0.9288863624034323,0.08441068474719182,-0.360617473289121,0.93736136,-0.2950602,0.18518421
165,178,72,0.6359278225869651,61,0.43216539752442656,0.6256146034348304,89.67014517057105,32.12911435306581,3.310656475442859,-0.8092350569591785,-0.06667240303995325,0.5836894835965039,0.0034000173,0.9917858,0.12786452
165,185,68,0.9713750397639445,94,0.90137162372805,0.9237444730476744,4.882763615660201,1.6901978251056191,83.3159429753474,-0.8604556632590042,-0.05310816580938349,0.5067500116328271,-0.87173146,-0.13023315,0.4723596
166,187,63,0.6863092025800548,95,0.500218770540357,0.6083851760920315,77.24214984994087,68.04662263452555,32.809595754515776,-0.94413721943216,-0.022782573978635923,0.3287641482975563,-0.046564806,-0.8775805,0.4771626
168,152,54,0.7604550490958537,96,0.9044384608888141,0.890798221279255,10.614402783693185,4.974085878340022,79.94298482391414,-0.978602839696059,-0.0025289330269374077,0.20574276812698603,-0.9816044,-0.15854287,0.10638178
173,188,67,0.6904350086947336,96,0.448530796112787,0.2781815621775237,10.035442279739478,1.3098862952097852,78.27139473525642,-0.9435216033914652,0.07879243081071867,-0.3218054331122099,0.91239434,-0.2509215,0.32338068
171,181,69,0.7344828827714411,84,0.9252755064239828,0.9412808361086592,11.437589686538825,9.514312062987054,83.85612817523527,-0.9935058939531399,0.012388374646752591,0.11310423004460969,0.98982865,-0.13540351,0.043647666
181,152,49,0.7734542382055664,56,0.9534048908009244,0.9986781895779341,21.145054293468306,12.705680256808852,73.88773589937783,-0.9662379955941206,-0.010972506208872248,0.25741744303320335,-0.952773,0.29778546,0.059561495
183,152,50,0.7162096857012072,94,0.6867705738990176,0.8927158803686155,27.397413555523805,14.239382102319075,67.10414118637519,-0.9753177762096533,-0.004971826129086392,0.22074989547992754,0.9108998,-0.4125738,-0.006661924
187,155,44,0.7888280045348456,84,0.8570939300551699,0.8516118835183543,38.41899483658732,32.226642185229124,68.06091205337253,-0.9945902336061829,0.014010454407169581,0.10292703426458656,-0.7208144,0.34802645,0.5994199
188,183,46,0.6155053493408407,64,0.33661449109588437,0.24127408439781367,45.22046423150296,22.726899225535355,53.07675067764038,-0.7875774740482329,0.11826216747264406,-0.6047609297205612,0.4083388,0.5372247,0.7380034
185,168,69,0.6862599302729303,95,0.9207267121179559,0.9347708988305623,16.622431025251245,12.117371994270384,76.5544442391408,-0.9310402611487175,0.08363048341087187,-0.3552041305567712,0.95445275,-0.26708084,0.13299568
175,151,54,0.7729127086109081,94,0.9078684616726787,0.9395512438880119,18.05857856414556,10.041640819445666,73.49664057982488,-0.9691408480114356,0.06638653180078456,-0.23740017925675336,0.94913816,-0.31192395,0.0428979
180,150,50,0.9413628680616591,96,0.9279394766037499,0.9529264248731094,10.844520700365754,2.9679801570177147,78.60373547958422,-0.9883247120790929,0.052244677584505475,-0.1431249704205008,0.9705931,-0.22823007,0.07655132
165,195,49,0.9813059244035816,96,0.911459932378921,0.9251652539992667,17.948766732184463,1.004908608054839,70.80811088613184,-0.9755607317644711,0.06240821674354563,-0.21068097475106887,0.91730034,-0.3646729,0.15991798
183,184,35,0.6401223629222629,94,0.6932377916239972,0.4702863714286778,55.3429104611654,52.181805250178506,69.83910671291002,-0.9818284651978022,0.05791845561058645,-0.18071612387114983,0.43730295,0.27067834,0.8576126
175,197,46,0.6176522386974231,86,0.964145436527272,0.9701042398031452,16.651991362771845,5.550118949395537,74.2306700080518,-0.9971298939705007,0.01870401679326661,0.07336303092277045,0.96854573,0.24518149,0.042488523
167,181,67,0.8840883055677976,61,0.8138155259385771,0.8051050183513572,6.1589033138612805,4.3143179333218304,84.75720652490963,-0.9700455880521398,-0.008570245254113484,0.24277171992813046,-0.9470906,-0.090952076,0.3078102
169,165,65,0.8651869273699317,96,0.9687446202967024,0.9668310339347772,5.0015769470586084,3.707199908177128,86.24093810653221,-0.9888277122621653,0.006654733527270613,0.14891430416200316,-0.99566936,-0.046836253,0.08030472
170,152,51,0.8369366199307784,62,0.877396415421386,0.8354741098435625,3.9017933737238373,1.6111340563623664,86.36104552761262,-0.9964829717440278,0.017338488869166127,0.08198209455683049,-0.99337226,-0.046644993,0.10505172
164,179,68,0.8575466564978638,96,0.892630588513456,0.9390539309757971,8.389465008428251,7.692395662405494,84.3913773999268,-0.8456411051253712,-0.0572913723869589,0.5306682767721844,-0.90722615,-0.10574978,0.40713364
156,159,60,0.6182824505623818,61,0.5762165568579295,0.4608980121064448,51.83466633145952,13.156234809189696,40.86691654803988,-0.9664644561124407,0.06790761793159834,-0.24765906100552917,0.5977009,0.71676725,0.3591635
185,157,63,0.7288545402505963,88,0.8194480346245736,0.7659398584090636,21.033878704718205,1.4236974417455992,68.3140470873469,-0.9953068226899534,0.04359647571584154,-0.08639256919427642,0.91364056,-0.39925933,0.076504044
183,169,68,0.8124132669723602,71,0.7336785514777069,0.6384825253684359,9.63441573530352,8.36075605030718,85.19275650982956,-0.9977902708625778,0.02030092651351749,0.06326490144366533,0.99054176,-0.114514925,0.07558693
171,185,63,0.6816134830802867,85,0.31403372226302273,0.47717966216640906,77.98590316618807,20.67281543780858,9.223293050699542,-0.7184383940309543,0.12848577343617038,-0.6836210061186918,0.044338357,-0.99651927,0.07059382
181,159,66,0.6901830752571736,66,0.9533968590321268,0.9504141885457861,21.509052505693784,8.775316507065133,67.81944024120337,-0.8787793514633555,0.09946840425944739,-0.46674713496252257,0.8633365,-0.42109802,0.2780765
176,174,69,0.8336273920316628,86,0.8358624408128623,0.8052716141878425,10.104912352724591,5.867961608974157,79.0284191490785,-0.8417080663949653,0.10806967802047919,-0.5290070657923188,0.873118,-0.24430549,0.42187655
174,153,61,0.644334664779123,96,0.8895685296637847,0.8109600286554534,12.50929739367856,10.589740838589195,81.40321301244536,-0.937041957274223,0.0813757641709481,-0.33960323218910543,0.97092265,-0.18555875,0.15125188
177,150,57,0.6338228415645792,96,0.9174283251229447,0.9134949697324004,20.900174725352347,17.442918215993725,75.90867161189233,-0.8983012419527397,0.09419011232705343,-0.4291655874438006,0.9532179,-0.27711612,0.12075745
170,160,58,0.6316549730358942,69,0.9740149301170327,0.9805207959266462,2.99757875494741,1.949822168667076,87.57422084516517,-0.9991696179242341,0.02522563789209286,0.03199596552812878,-0.9956873,0.06224546,0.06879177
173,155,58,0.7022001622118769,95,0.9519908801564314,0.9558120394839058,11.580922827500103,10.050303846087406,82.92213192932161,-0.9755752547487462,0.06239859451439381,-0.21061656564607528,0.98816067,-0.15055075,0.029546078
165,168,67,0.6613430901720665,75,0.94672108820187,0.9641662954184561,10.22699446657425,2.371371858391048,78.2773200501877,-0.8980597423135543,-0.041224907244610365,0.43793744559969494,-0.9011321,-0.20960684,0.37950757
160,183,33,0.7511192652603899,72,0.6291530143217879,0.5482840985964706,60.57597991640848,50.578778627293595,56.87877751260817,-0.5027421635900456,0.14819925907563083,-0.8516380079342596,-0.27520922,0.49332452,0.8251611
193,177,50,0.624084791819934,94,0.828586701454768,0.7874150847509463,8.62476180976532,4.697712173153888,78.18943925071147,-0.22417732126185247,0.1569799071558744,-0.9618221443599608,0.2942595,-0.2809548,0.91349643
177,166,64,0.9913961608469054,95,0.4510118955065525,0.7481015487090744,13.271039789121563,11.813196594479612,83.25521152966549,-0.996417323381368,0.04163461074289159,-0.0736143793955916,0.9504111,-0.16147378,0.26579133
167,158,61,0.7875805563166456,60,0.8662391970195251,0.9285616041368874,6.529519831407195,0.6912878237447566,82.84098657057184,-0.9785904248152489,-0.002538509660430593,0.20580169199648107,-0.9713208,-0.11619448,0.20744823
187,189,60,0.7861978392071413,93,0.7025185007635385,0.7618588944315533,50.35871111698512,12.983778426280725,42.468057920895944,-0.9609190898497708,0.07085513529870409,-0.267608020365778,0.6099973,0.69641364,0.37803626
161,159,57,0.930302769585054,96,0.8725530792896503,0.9294443066905198,61.62457457473532,35.005070585896824,34.62856745044305,-0.9777785227257721,-0.0031588312901706947,0.20961675095537352,0.5437484,0.79078346,0.281068
164,177,70,0.6714337035841516,96,0.9267345538754158,0.9009203515007034,13.434412910416272,4.682542672792772,75.4151547264708,-0.876033223282196,-0.0484304414958107,0.47981275935757156,-0.81283367,-0.2707883,0.5157279
173,176,63,0.6125212349622176,95,0.7513624268969245,0.7608530095498387,83.9113283821537,40.605666985751064,8.744613610144187,-0.9837595621027717,0.0017277992307138117,0.1794829760205164,0.10654784,-0.9943042,0.002607173
172,161,60,0.6185348055176029,94,0.9602520476047319,0.9580774487411383,10.709063645993348,9.730596494986147,84.2817891096458,-0.9787832378641532,0.060190946125072115,-0.1958581713402158,0.9917376,-0.12640946,0.021845223
173,169,66,0.816291266899343,58,0.960917336264757,0.9679506067350476,18.767716873475774,18.203389895892233,82.99929342382623,-0.9068268604390467,0.0916757191702891,-0.4114129406093982,0.98287857,-0.15438631,0.100571774
171,164,66,0.9104242663372023,79,0.9588806971937417,0.9557323485147443,12.021352754120668,8.676078376391898,82.29638034349493,-0.9963516913146656,0.04175959279493323,-0.07442743865004943,-0.9913,-0.11449628,0.06492298
165,153,51,0.8344914195853123,95,0.9501405744279148,0.9496320332682292,14.144523307897147,0.7958681704038653,75.82070920876104,-0.9969421059133654,0.018290772922009743,0.07597292335391313,-0.9735685,-0.22448519,0.04208068
164,158,62,0.6213164524160246,80,0.9631995776012952,0.9750697216617829,17.468462714091203,14.779161892990645,78.04726567141826,-0.8158966792427061,-0.06504022984645862,0.5745279604181545,-0.92093843,-0.20925994,0.32875928
178,172,68,0.6488481983334706,71,0.8645094294009477,0.8046171855356444,10.365721189952705,4.979111790276038,78.31459209553854,-0.8613534839324697,0.10371348988624152,-0.4973064324267415,0.8800389,-0.25513813,0.40054467
163,152,50,0.6489870291337497,94,0.8604460171620296,0.951827817199252,7.492483086204802,5.615622628530857,85.40840708123984,-0.9993222719098808,0.032827475318597546,-0.01665394034699191,0.99165785,0.046485636,0.12022407
178,162,62,0.9860431431892778,64,0.8227348735278712,0.8776087090513043,29.411299446933324,25.27945178286189,74.50343687081254,-0.9970030233525218,0.01842316537900227,0.07513693102162813,0.8923224,-0.31454974,0.32375786
184,185,39,0.6275909396049505,94,0.5503430019226723,0.42337103405000487,82.42207069840131,82.25707384860063,82.85313864547575,-0.9923160889092065,0.04783411202911467,-0.11410818295951433,0.020463416,0.049653422,0.99855685
177,174,69,0.6125297133339219,77,0.8631437789881493,0.7944959021258357,14.862536624177082,11.567787233885,77.78289394174335,-0.8364594300497683,0.10916628060291744,-0.5370459431558364,0.9043418,-0.26020277,0.33832002
177,168,65,0.7608351298716305,90,0.7660692785166499,0.652221792519566,22.350996493382922,22.018780061130077,86.05460643386466,-0.9978380635407474,0.02042722017178042,0.062465411431486845,0.9438715,-0.11577409,0.30935898
164,176,72,0.7220440825487331,95,0.8106689419506473,0.73137456905372,86.99195663763516,59.01378543443178,9.668699955236015,-0.8758252880991555,-0.04849497125980522,0.48018569583916393,0.01839263,0.9703925,0.2408319
167,154,53,0.8911839252295615,80,0.8992624217140432,0.8988914624815079,13.798279897440498,1.562464748977534,76.2112765739783,-0.996606569432174,0.017587475150387544,0.08041160664026109,-0.9755312,-0.21720313,0.034083042
168,165,63,0.9156907137158788,62,0.9425183771813661,0.940973249426457,2.563375156995017,2.4275254335341865,89.83153941328383,-0.9790727947903745,-0.002164304131079681,0.20349884100159787,-0.9692953,0.008852177,0.24574018
167,163,62,0.7131699301253879,68,0.9905015524880215,0.9899794996440658,3.3642938805516773,2.1803638598754156,86.62210431022021,-0.9714212667506859,-0.007664522488045029,0.23723822963325963,-0.96124136,-0.05522505,0.27012095
160,175,69,0.7621717043234036,96,0.9554532998433483,0.9563986747363469,17.312945729868872,17.14664371592903,85.23605411776335,-0.8549244922345351,-0.05469820238826127,0.5158606587374297,-0.96825266,-0.07684334,0.23786943
178,163,63,0.9905838368700338,58,0.8720005392923822,0.8824391772865676,30.268178746804324,27.567811948675196,77.20471581732582,-0.9942292365776972,0.013452575700315092,0.10642956986268809,0.9012959,-0.27004,0.33873898
179,165,64,0.9768827872392769,87,0.9368469125612807,0.9928855551502124,34.7690960860667,31.529695273606837,75.35918159839082,-0.9761652793654879,-0.004358212169817911,0.21698468459313394,0.908151,-0.29823992,0.2937937
184,152,52,0.8434462319078925,58,0.7738225204264447,0.7835421827632955,32.422794609719396,14.551695967537812,61.72515367061827,-0.9614686937575653,-0.013795032798008866,0.27456811175776247,-0.868323,0.4925451,0.058433417
166,168,65,0.9829085243086328,95,0.9357446763214867,0.9117706219358872,2.726217844592758,2.5235394978131636,89.95094667282012,-0.9557809010365057,-0.016937788690261083,0.2935915198505051,-0.96751916,0.0044750622,0.25275823
168,194,47,0.8524229548220102,95,0.9232953913383277,0.8930495405423595,19.41346213990563,14.647789952676487,75.20683690997298,-0.9385801258339121,0.08077736051303182,-0.3354733453169497,0.95608747,-0.28512946,0.06780832
167,176,68,0.6721522877167934,95,0.8818827581655961,0.9315002319331428,4.958245393523374,4.416544360599643,87.28120452110346,-0.9867263123677317,0.004496190569474868,0.16232981473389482,-0.99612707,-0.028847562,0.083058454
165,167,67,0.605514637054124,94,0.9611108712362293,0.9508456787941417,12.663346270848313,5.28313675206429,76.97792608698781,-0.9246702299525974,-0.031291388184218345,0.3794809809001174,-0.9365201,-0.22280966,0.27071372
190,180,51,0.7774044176547844,75,0.7282146595718634,0.7754930923652835,9.883135603029707,9.649496052631832,83.08951866379272,-0.19811098842988695,0.15707987840793186,-0.9675112134041045,0.3564151,-0.19786449,0.9131363
160,159,65,0.8448536009661772,96,0.9339846352011131,0.9714933914923146,16.135392431733035,5.2617117809591365,71.51437308189135,-0.6771875068476371,-0.09349058772733294,0.7298469638053441,-0.7111208,-0.3459896,0.61204445
169,154,54,0.7704068595037654,90,0.9713143927447275,0.9666659710150397,7.547120952845332,4.835646813828896,84.57286315744994,-0.9993305753990976,0.03276762929004566,-0.016269097799773053,-0.99541885,-0.07443439,0.060007684
171,153,54,0.7464515330508391,96,0.9680466926725829,0.9693244425756614,7.941233615571515,5.749521991684781,83.97399581297252,-0.9979462709948629,0.03821338000818049,-0.05140989978397241,-0.9904831,0.12595944,0.055475
177,151,54,0.6250282264382119,94,0.9101613777879803,0.9164597581525968,19.035917342010354,7.6488521525505355,71.36041466244558,-0.9813198907173898,0.05831173809840609,-0.1833330665274359,0.93785167,-0.34604603,0.026199626
172,157,57,0.8219175451038478,96,0.9737436058162925,0.9784268630937993,10.023825267672178,8.89677603329816,84.37347167774894,-0.9877913582322082,0.05276710996785083,-0.14657375176821466,-0.9924143,0.12217174,0.013709513
177,153,50,0.8466873998190048,88,0.9543875713821799,0.956918954836016,10.532495744247843,6.978425229658234,82.55066309021684,-0.9869125921786688,0.004680102506858213,0.1611881882760207,-0.98724955,0.15100777,0.050348885
175,151,60,0.9923830565168684,65,0.9518189829726025,0.972207014356193,14.488860605099267,4.617459137239296,74.44571484965569,-0.9418196557842549,0.0794872752625625,-0.3265846123897471,0.92460996,-0.30880255,0.22301906
166,170,63,0.9086820655109917,95,0.08119237095466314,0.9618225226761142,72.78344609085413,31.868588811046695,21.469229911701003,0.9898593375733085,-0.05066448046214827,0.13270871199145765,0.30477262,0.9033039,0.3019202
162,162,63,0.7896818175246254,94,0.9375764850949642,0.9836633781906666,14.475580595037009,1.9147094242838958,73.84620738834478,-0.8947449790618658,-0.042359959068174864,0.4445638945206009,-0.8798863,-0.28544244,0.37989828
166,157,55,0.8141119638909778,97,0.7273207204526371,0.931163562223835,24.601371330488952,5.985628944819232,65.8762092201891,-0.993835563264055,0.012865112994624728,0.11011522174183876,0.92257243,0.3850409,0.024570212
194,177,49,0.6014766321398243,95,0.48184098560198446,0.590344227698302,9.551178494862507,0.03004047169162236,76.04996042893094,-0.3541620178121359,0.15473874592798054,-0.9222934379295303,0.34105307,-0.31652027,0.88515407
170,167,65,0.7899802782825727,68,0.9521524700338657,0.9480355681884625,5.360495797683149,2.284706395892669,84.95979946295981,-0.9944431238785795,0.013780769014001309,0.10436936224771519,-0.9960177,-0.06753836,0.058200955
174,151,53,0.7103275140416508,61,0.9612917021826564,0.9613791803222054,16.050516090688898,13.2539504981742,79.50392724245278,-0.9730561496404129,0.06402219502316016,-0.22150144060793572,-0.9784074,0.20581265,0.018977745
163,168,62,0.6822805169338327,96,0.14237169136677025,0.9435058516949392,69.60086845269078,16.42040688618518,25.385804013478886,-0.5762825109659481,0.14308248849044833,-0.8046277829171465,0.359524,0.8725137,0.33085096
179,155,52,0.660659808475454,59,0.4481308438359442,0.545661741530877,48.184205304713544,46.21160859850629,69.30283450891613,-0.7339735552973667,0.12640864820763145,-0.6673107775110955,-0.9244212,0.3710994,0.08792445
178,149,52,0.7700680410093299,92,0.8669097564306776,0.8452024151270499,23.4062871317756,1.604656217511098,65.96983124904988,-0.9957463659310899,0.04285562473530819,-0.08156328931311255,0.9014183,-0.43250933,0.019513171
168,182,64,0.6111729652135267,59,0.9641366062956461,0.9649857031505844,84.40094004233762,63.495369656331924,8.928389719808116,-0.9106178550997377,-0.03673428735266404,0.4116135494687281,-0.030310178,-0.99624753,0.0810691
179,183,71,0.6471096964703338,94,0.9445969141982198,0.9326362595904577,9.891083152386612,4.003090424823915,79.30061721804877,-0.9534787387825142,0.07445795838198498,-0.29212036410235526,0.91070265,-0.2344523,0.3400777
179,158,56,0.7611338095898722,95,0.7212070102877276,0.9210177043853552,51.83362227772001,0.0529693175065211,40.146509217996105,-0.8749957367439752,-0.048751804359241924,0.48166972320417484,-0.5451374,0.75285155,0.36883593
165,162,59,0.9602618536978281,95,0.8000645520036322,0.9265684678305047,78.52121136083412,70.34197473549217,33.277827526997854,-0.9615127596930875,-0.013769792925851565,0.2744150246436271,0.34020463,0.7922319,0.506586
178,176,27,0.6405862877393848,67,0.329232047562255,0.843027187871738,78.95269399039125,69.8825196573889,31.904145238652134,-0.9786238052043172,-0.002512754626613629,0.20564322004775432,0.30087525,0.80592567,0.50986063
175,176,64,0.8924379751196007,71,0.8579030403659152,0.8709707006880522,80.32611249815065,21.783545261196107,10.956967357480485,-0.9855894512893746,0.0034013077468242336,0.16912085800610502,-0.16129291,0.9863275,0.033802655
185,182,30,0.7355494925913039,96,0.9282198231210788,0.8697219129577191,36.95248634908121,2.529374850695408,52.69662936235383,-0.9990280944756518,0.03450165429130681,-0.02743177536200322,-0.7799824,0.6231164,0.057909567
186,164,66,0.9127480626637287,58,0.6658843985845908,0.6976041979182296,13.112130211019856,10.58533916358908,82.83648432168303,-0.9810397830629756,-0.0005910948146910788,0.19380555888485243,-0.9887249,0.14828755,0.020831
168,149,52,0.877874551098365,77,0.9597731428865832,0.9577540363926738,13.597989711702414,11.027051495423926,81.18873982051088,-0.972748452659388,-0.006769541230592728,0.23176414985992475,-0.99087113,-0.13117129,0.031121815
184,151,51,0.7606313540124379,65,0.7608787652724539,0.6915432283657862,34.067486517051954,20.74635267189393,63.360973033838704,-0.9641834096308785,-0.012211746094206999,0.26495513931589293,0.87845755,-0.47536784,0.048350733
166,177,67,0.9245219381328532,55,0.9146642829826652,0.9069550965437913,9.28093228007496,8.876717248543851,86.81422640214639,-0.9868029008904762,0.004571644184382191,0.1618614681250376,-0.9498887,-0.05496134,0.30771855
158,187,47,0.6254085231940634,96,0.781492916954186,0.6926506471153382,31.05205635834855,3.9717457591433885,63.233466516427846,-0.42409616617585977,-0.12719259265548577,0.8966406672734142,-0.3098693,0.3948678,0.8649049
167,175,68,0.772811478584839,86,0.9253177091007785,0.9609721732570282,6.804561993618729,4.863866235814408,84.92634084348981,-0.9915083880451575,0.0097398566081634,0.12967749083532495,-0.9752984,-0.079688504,0.20601635
173,152,49,0.9878453720531266,96,0.8762011323425353,0.9489891386149137,3.787707165536282,3.719707825103837,88.99739287406544,-0.9995509997480976,0.029875237800240068,0.002295445263518422,0.996997,-0.047109343,0.061463147
167,168,67,0.603315047329835,93,0.9441377262564403,0.9202504839699179,9.19018681631102,2.599884476787549,80.74566480594014,-0.9875927045725049,0.005363218544130854,0.15694548659331745,-0.970603,-0.1510208,0.18741004
166,179,67,0.9457047154896061,95,0.9011410980781036,0.9298387629441479,3.8927812971855236,2.4025166415051857,85.72729209200398,-0.9471133819834087,-0.021353273535436423,0.32018788137165816,-0.9586089,-0.07133465,0.27564526
171,153,57,0.6283739759511117,94,0.9742307896418326,0.9725582443295699,10.22783746555086,7.716347646681881,84.29972001249713,-0.9860357988739081,0.05440407053419778,-0.15739631650201943,0.99685997,0.072250724,0.032405924
189,187,62,0.7542288578116164,94,0.5645133638046438,0.7144365629622133,48.57227469047103,6.166412496503402,44.3476766527035,-0.8559037436780758,0.10496414319973137,-0.506370724074962,0.5755523,0.66762197,0.4722504
184,186,34,0.6649706470800865,96,0.9459849032741333,0.9753956424319609,29.909742796278806,8.249827993813998,60.02556842184544,-0.9827169260019394,0.05721670166200269,-0.17605025532563176,0.80822134,-0.5391089,0.2369385
163,162,63,0.7692184168951017,94,0.9394323487006151,0.9617331598469541,12.060671435317975,1.2013194035292634,76.38557103248279,-0.9135710089709091,-0.03563020760046842,0.40511541549813035,-0.9015372,-0.24043222,0.3597543
186,184,34,0.7602426626679821,94,0.9639532471250907,0.9606512920500576,30.512590648671395,3.742095734660739,58.70968671024199,-0.9875062813213766,0.053041259775870125,-0.14838453124303394,0.82112473,-0.55230284,0.14392969
168,154,56,0.7586192920703961,96,0.9441885731569347,0.9564976323924519,10.641432835364304,4.289929963805944,79.73046462764306,-0.9845841674324519,0.002469357928343602,0.17489402366223772,-0.9831845,-0.16069785,0.086743854
164,160,63,0.6350376200855695,60,0.8999896993826764,0.9266393073336664,9.402584608498476,4.453297433987652,79.73150055620839,-0.8759787412697332,-0.04844735393519434,0.4799105111790863,-0.90031254,-0.18569301,0.39364383
165,151,54,0.6097696519386848,96,0.9204681694899248,0.9197097244926363,17.6297867404102,8.506394993198525,73.66706247159897,-0.9709135617337062,-0.00800130419266776,0.23929654149775148,-0.96220696,-0.2632168,0.069819145
174,150,52,0.7646814718168486,65,0.915021368874823,0.9434658226822159,15.536589401209428,13.409330210212147,80.91992073213234,-0.9821853080154056,0.057638907567184906,-0.17885686191238057,-0.9819726,0.17817387,0.063118555
164,159,62,0.632256606165291,66,0.967332544860009,0.9687748642910158,37.878857571799266,37.85939493338939,82.90807673041192,-0.648923439110886,-0.09819390374764239,0.7544907735945477,-0.9745388,-0.11387949,0.19314665
171,162,64,0.7248338012245712,69,0.9439403853180134,0.9322637440695536,16.347377002901318,15.698528202560766,86.63574021358478,-0.977980528182209,0.060759669547134354,-0.19965557606280493,-0.9970639,-0.038833357,0.065997
176,163,64,0.7692670217270693,72,0.9330682831639505,0.9135042889635624,8.480680899608084,6.110218478333869,81.70000996779115,-0.8840953150356711,0.09809077866324928,-0.4568956916772309,0.91682935,-0.19384933,0.34906498
174,196,49,0.6493443796251173,83,0.9463589243958968,0.950983855910735,20.632309611155417,1.467634502441844,69.2541028714344,-0.9949978154468493,0.014665016530453604,0.0988143944279342,-0.94128984,-0.3349245,0.042416055
173,155,50,0.8722278263896405,67,0.8987908656281716,0.9718602827934393,7.292323468757011,7.272137371048592,89.8976872104645,-0.9962754384659698,0.04190317064396487,-0.07536162816329323,-0.9984637,0.023024397,0.050399497
179,171,67,0.8433713120000753,76,0.55477094774688,0.9975109247092426,41.671383388605406,40.72437248671394,81.66387905068898,-0.9555297403894971,-0.01707166789258585,0.2944001925721954,0.90297,-0.19659674,0.38209274
180,180,70,0.8182833587952651,84,0.7868508490917316,0.905978288073081,11.237988380458178,7.128291756636009,79.52348428631534,-0.9456659645343491,0.07789918755414434,-0.3156700810969002,0.8802232,-0.23524064,0.41215172
176,176,69,0.6615014297104226,94,0.9458110744358081,0.9556897628376118,32.72252768045366,32.307840114704696,80.40240676019263,-0.76549836353265,0.12181699335683482,-0.6318012943626625,0.9731204,-0.20012715,0.113955684
187,182,49,0.6589369421817852,60,0.7616926389578552,0.7225038545536155,23.797671556942927,7.673596283893454,71.81732405826978,-0.3666079174087979,0.15436360370593538,-0.9174805244494845,0.4736199,0.23777452,0.8480256
174,164,64,0.7990829338551511,92,0.9635093014970664,0.9558526420029035,8.362506262830367,7.038612903286484,83.66338485236356,-0.942495276229407,0.07921289669775756,-0.3246967374058513,0.96830773,-0.14988887,0.19978371
178,188,69,0.9107666876028584,95,0.6804647405629092,0.6055229759437352,26.960451351485123,25.50575437510569,80.14403573174613,-0.9947147743861219,0.04453477673131421,-0.09251578935218974,0.84006244,-0.22947681,0.49156433
167,154,52,0.9377569141163227,96,0.9339488377080886,0.9158413934337939,9.603419117965453,1.1109132233801793,80.33781320657532,-0.9958060822635211,0.016055106005291142,0.09006930719249787,-0.9873279,-0.14793167,0.057445098
162,172,68,0.658003638511259,93,0.9130056288313568,0.9702056791729247,7.899582086770418,4.2848219185316525,81.67289279649893,-0.9072384517097557,-0.03797420809339164,0.41889897500347884,-0.86734766,-0.15881069,0.4716856
161,180,70,0.668016488163009,85,0.9701610051570161,0.9769304612518368,15.382584095765642,14.11532913505321,81.09605025339307,-0.787880344497606,-0.07168342729668986,0.6116420922445854,-0.9067927,-0.16165437,0.38935187
164,185,69,0.8166846573739832,95,0.7962935800739299,0.9675369450948352,4.496609211215087,1.079325416084113,83.29193724452296,-0.8285674262131684,-0.061836105406384956,0.5564641194961779,-0.8148661,-0.13883233,0.5627777
178,175,27,0.6125646713623657,77,0.2818920339017679,0.39918837686843645,63.969589268112024,20.11248568538976,31.29280625882959,-0.7536987345889907,0.12359825318930029,-0.6454933688950707,0.27344465,0.8117603,0.51601684
168,169,65,0.6391689749727286,95,0.9895399643380727,0.9853800237522149,4.225349419915968,4.188457882764519,89.74334267394127,-0.9713661520707578,-0.007701227893759653,0.2374626069514481,-0.98595124,0.007722486,0.16685483
183,152,54,0.6928642536238289,95,0.536772393861003,0.4361277221242797,47.522010852645735,19.772038031731714,47.152113419758194,-0.9462234466142699,-0.021784901340865248,0.3227795023711709,-0.7158695,0.6970501,0.0406457
173,154,57,0.910691564725697,95,0.953885607008343,0.9646959072479091,11.27176519164716,9.631739044651818,82.9274653419195,-0.9802435037856917,0.059125225968649026,-0.1887508435480667,0.9886789,-0.14934574,0.014489774
170,193,45,0.6361638780324747,94,0.5871061632986563,0.3341016958181649,15.409893730982215,7.1899269358826485,77.10062189558923,-0.9741338212502226,-0.005811439000089318,0.22589715685060624,-0.9638034,0.23927431,0.11760468
183,182,32,0.8964495678772744,63,0.970764795791603,0.9700165074079786,69.00163965705686,67.1528815564367,68.70378742450285,-0.997935075396265,0.03824343244470324,-0.051604507251775636,0.3235593,0.28887048,0.90103453
168,151,55,0.6834702731868724,82,0.9275625523299211,0.9195526027765698,13.773982799706756,13.47636072422489,85.98884518515057,-0.954952433961513,-0.01737794172931567,0.29624965149723803,-0.99680746,-0.049869407,0.062353358
167,159,63,0.6761733030499948,94,0.8888334748311932,0.868542825002399,14.015729891503717,8.803610378075941,77.6187926338023,-0.9312023694797407,-0.02857953612722053,0.36338045790888324,-0.9583488,-0.20587885,0.19794314
177,173,64,0.9869570122360676,95,0.9842328400619432,0.993417021414802,68.38310827039572,34.36317496708067,27.189870441457852,-0.9828435151210857,0.0009261441094933485,0.18443906050920078,-0.30103788,0.8707307,0.38884985
178,196,45,0.612527754992455,62,0.9227386534534363,0.9197007001551508,14.372011212075016,0.8744980252231203,75.13098129795438,-0.9844871652170494,0.00238109330849684,0.1754404512008401,-0.96021295,-0.2435743,0.13661149
185,164,68,0.8072141406133366,95,0.9123749163236051,0.9648583011166428,10.102268093435303,5.602958565481481,80.25736583399578,-0.9732610213023267,0.06389337855686081,-0.220636852293858,0.972861,-0.20247778,0.11200108
168,165,58,0.7537444607348198,96,0.9583423427045822,0.919192191165129,87.21765451287791,84.84475662064821,24.07427770902238,-0.9748435644617679,-0.005310515381632325,0.22282689077814744,0.14892901,0.87814087,0.45463035
166,166,66,0.9222369965931162,94,0.96401476869463,0.9702501712823091,11.63166545277968,9.12753743803179,82.10049096467425,-0.9793122463851879,-0.0019769227859820493,0.20234528869310353,-0.929231,-0.1401489,0.34188896
164,160,65,0.6124113703824071,96,0.9322512417955253,0.9498988188807523,14.185257871251597,5.522377289972204,74.552807865129,-0.8277546691589941,-0.062045742229161496,0.557649113293222,-0.74844474,-0.29290786,0.5950088
171,180,69,0.6136762869274403,62,0.9451066574742966,0.9641297461563023,15.409035485490136,14.957178118436207,84.7216730213191,-0.9652721914212943,0.06856327612252676,-0.25208862258356357,-0.99315184,0.116379134,0.010264949
184,188,34,0.6352802025700683,86,0.9329240437774808,0.9543162639245597,34.48996269303756,10.722128769895978,55.997807896760904,-0.986771109987169,0.05373291639965383,-0.1529560400568688,0.76614887,-0.5977783,0.23595971
164,178,68,0.9040377710980235,67,0.9417621277416578,0.9502677826380006,5.3078482602094414,4.461914841187093,85.5573931868424,-0.9186437648577476,-0.03368603564938471,0.3936481732336778,-0.8840602,-0.089845546,0.458656
175,157,55,0.75734107174516,64,0.9118328452611741,0.8823986700807829,20.572189583382052,12.377522750050145,74.22443685130884,-0.9737026796624826,-0.006112334823510895,0.2277404904295818,-0.9551595,0.29400805,0.035065915
178,172,67,0.6801018746315922,78,0.23665340644580296,0.6643320470235845,84.29952591683745,83.63182280490355,81.01475854870758,-0.5545954608333139,-0.11198758212182869,0.8245499719687044,0.8735816,-0.21130507,0.4384123
177,161,58,0.9792525325159994,55,0.8148662959188004,0.8411140668732816,62.35085137678967,37.34023390728693,36.518520762165394,-0.9795602307860635,-0.0017816985409187802,0.20114318236684922,-0.3708551,0.7774799,0.50792867
182,155,60,0.8938113305349458,95,0.29583809199564187,0.18543860112332056,27.070768492811517,5.983301711207101,61.00507500681599,-0.8666153307194957,0.10247263599171716,-0.48834130220046756,0.7885883,-0.52936643,0.31288928
167,151,51,0.8413939388271418,56,0.9157540186116444,0.9528463102512759,12.71065462227692,10.955108381717343,82.4455262389353,-0.9580119650459178,-0.01573108369534204,0.2862963636419948,-0.98938173,-0.113855705,0.09033658
180,152,51,0.9739086496750522,95,0.9545056550338716,0.9451570722660336,20.203760813435878,7.498764207157774,71.50661316088915,-0.9912113777892944,0.009375222804966526,0.13195495344399152,-0.9401472,0.33979312,0.025767107
176,155,53,0.6563161042725036,64,0.9961232579173647,0.9973833655157318,26.08955805996728,19.144532229920912,73.26127295267382,-0.9431706141711913,-0.023238318110362307,0.33149535914600564,-0.9501301,0.31061876,0.027726484
171,163,60,0.8296418376581697,93,0.8896894041177856,0.8607529701122938,9.213101065256987,8.760658142561033,86.50800711583265,-0.9967325442529353,0.041014849402230734,-0.06958460573706528,-0.99308974,0.07951205,0.086317256
172,153,50,0.88166873577123,96,0.9380361651683222,0.9477818316333598,8.299099768512354,8.298191165561944,89.43507501946243,-0.9948611957782388,0.0443084683349122,-0.09103823794706728,-0.99811447,0.030918457,0.05302436
165,179,70,0.6922801067678728,94,0.9359139236117855,0.9215740171382774,11.4365441209554,9.660658547638834,82.67742983304485,-0.9509739700877227,-0.01943623036420189,0.3086595878388117,-0.8812538,-0.13953665,0.45157656
166,161,65,0.6921411987511119,94,0.9691146961011627,0.9654580568290146,8.96832820505129,1.574211458243632,79.66687187827627,-0.9235870034762969,-0.03172903519558883,0.3820737040614441,-0.9227722,-0.18220088,0.3395501
192,178,51,0.6318490104669476,96,0.7700298764787171,0.9175674863120624,2.0241318433622584,0.3592231213734027,83.62403476940047,-0.3643411715119188,0.15443412881657914,-0.918371172564768,0.3564793,-0.18871371,0.9150463
178,182,69,0.8801820132396067,60,0.5941922167204843,0.6287246445286163,16.097221349052763,14.912180521034854,82.24412583506206,-0.9593053236718614,0.071667792852117,-0.27312455664500623,0.84532166,-0.19374938,0.49788803
167,169,65,0.9933064537731201,94,0.9156848160718773,0.9798429965557377,2.4071823424142864,1.2412752073782314,87.09689089193786,-0.9700613570476996,-0.008559986685864577,0.24270906491252683,-0.96434283,-0.046136294,0.2606039
169,176,66,0.6487751997324923,70,0.9218262452934457,0.9244945507842489,6.715558738475291,4.458514826901491,85.53615175995716,-0.9829881437571178,0.0010512389103460307,0.18366601245110437,-0.98908675,0.094380885,0.11313562
170,168,65,0.6568538174291398,77,0.956761063814402,0.9577769826600705,3.393999179532357,3.0729808748693266,88.56389436603055,-0.997826498065279,0.02039649913698094,0.06265989611974324,-0.9934405,-0.008786972,0.11401221
174,176,66,0.7623607598806242,94,0.7879393128729205,0.7293708369798119,7.791792729016582,6.893256402675119,85.73023827869903,-0.9966840785821587,0.041112355903988075,-0.07021838571811029,0.97645664,-0.11287186,0.18382727
172,152,51,0.8217699614389531,59,0.9594865020588854,0.9596025979183621,3.998610882614091,3.269638928781146,87.49776985389936,-0.9994128456793169,0.02691938056997708,0.021196953575901293,-0.99474746,0.062650636,0.08094726
183,193,53,0.6846859580280189,74,0.3593973980842862,0.5010437060897754,75.83948806186609,70.98079186910883,38.130649608456054,-0.6788376590023933,-0.09320671467795805,0.728348777069813,0.5847374,0.75158626,0.30528712
177,183,68,0.8084706945135547,94,0.30434067953687866,0.8885630631263087,21.79737619832439,20.552683899977303,81.43716181356754,-0.9848352838118479,0.05545971729109753,-0.1643888181027786,0.8504002,-0.20680737,0.4837873
180,151,50,0.6021578680524158,95,0.9138056620611533,0.9032935077602887,8.661196219179295,4.966949396454396,82.41402521063341,-0.998568526577238,0.03633369453091809,-0.03925252056999692,-0.9866485,0.15294403,0.055972416
171,170,67,0.6509945734186524,56,0.9559192758433921,0.9552345285986394,2.092424487062902,2.0916320657822705,89.82038557614105,-0.9989850080273386,0.024293159771237385,0.03793146615868523,-0.99697703,0.022550236,0.074352674
186,184,50,0.6397979015450331,96,0.774564179301482,0.7270628111825409,11.075856953541894,3.0518847762905166,83.72627152500283,-0.3700999906612554,0.15425302742741479,-0.9160960650728809,0.42214084,0.0313332,0.90598863
177,154,62,0.6467542268704451,82,0.7516174860580201,0.8922640317511247,16.958572388383537,0.3184926611837897,70.48163979621482,-0.8623135276457061,0.10348958278570608,-0.49568668157825124,0.80890656,-0.38838893,0.44138896
172,179,68,0.8461666947738513,66,0.8564778602741279,0.9291786022029909,15.457284351389985,14.981394786874647,87.52445148104144,-0.9717696827643426,0.06481895446066578,-0.22685278663202466,-0.9994351,-0.020304214,0.026780535
181,171,69,0.6818531305477583,86,0.953940385571312,0.9633817994314084,14.192510959397591,11.433265451988795,79.4757864113565,-0.92394959071013,0.08614623111157134,-0.37268751078062023,0.9609177,-0.2198515,0.16823344
185,185,33,0.6321815170414266,96,0.9404808033052104,0.944316153062395,35.549040870141056,8.442495895118542,54.494741047674005,-0.9920758441599052,0.04813097377479103,-0.11605571419754414,0.77048284,-0.6145338,0.16942377
172,150,59,0.7185582349986455,96,0.8719422819649975,0.8239569272994137,13.345202487812841,12.785689747742445,84.80368696271555,-0.9742604872311261,0.0632569614272147,-0.21636788082144878,-0.993319,0.115019396,0.0093827685
173,157,60,0.632098170334476,95,0.9211631637846246,0.9278304661340463,15.54597747943679,6.599395910694876,74.13952935505793,-0.946371055334683,0.0776009741025035,-0.3136238422745647,0.933851,-0.3107594,0.17706212
172,164,46,0.7282765150818343,96,0.5347573605233736,0.5127536070468051,75.24479554581963,74.98289436176745,87.57085330519878,-0.09016718922543,-0.1509996499121174,0.9844130148030366,-0.98273855,0.05389438,0.17697556
163,186,61,0.6572807624457514,55,0.9291609723713812,0.9431097453671172,37.06129332432332,6.7165385165024105,49.40411181030905,-0.43038517834445855,-0.12654790633695334,0.8937305106480042,-0.42043814,-0.6865472,0.5931987
191,178,40,0.6090526131510601,95,0.7880035836348782,0.9598716269727987,4.888887754964263,4.898703194954575,85.19029451371598,-0.08926137366265907,-0.1510390064188029,0.9844895254454848,-0.0042806976,-0.15780339,0.98746127
190,176,40,0.6425387056452629,67,0.8060557184278567,0.7717038621303997,25.47295309970079,22.29821598024014,82.12306156770796,-0.11855699247208693,-0.14970127354966628,0.9815975592031501,0.26938772,0.05888256,0.96123
164,183,70,0.6597385387323552,92,0.6514885449626915,0.9510749725204953,10.508244085627139,7.146578799526519,79.83217049958301,-0.8174931591750911,-0.06464386362215246,0.572298965225283,-0.8730082,-0.18882936,0.4496667
173,161,60,0.7917781729634464,94,0.9575986303953232,0.9495621511532938,13.128879662049512,10.299733802909566,80.22814801328273,-0.9593089837568148,0.0716659696593343,-0.2731121792894903,0.97585386,-0.201064,0.08533775
162,167,67,0.6150725806836115,90,0.8861189924115387,0.8943645702093109,13.540302603502736,9.974366861017495,78.7341627368269,-0.8698188849045781,-0.050333706482418694,0.49079692893812826,-0.9285171,-0.1962748,0.3151701
166,171,67,0.713071798731659,94,0.918969772876964,0.947954617399847,12.94354510793834,12.233157840788541,85.48753294392932,-0.9931588822368387,0.0119002331436058,0.11616289891872163,-0.94519323,-0.078933746,0.3168268
163,172,67,0.9791638779340188,59,0.977275795425517,0.9772027913023793,8.665775015356155,3.6891777780865915,80.95333439376415,-0.9478499413670315,-0.020993205667343084,0.31802480086673085,-0.9174846,-0.16190961,0.36332813
174,155,52,0.8190068367055738,97,0.8944205444319747,0.968938033149453,4.951533403339242,0.7995937661959118,85.21784272167154,-0.9961372948838542,0.016667321375863603,0.08621305086604475,-0.99162626,0.10259258,0.07843616
168,178,67,0.898522417133335,78,0.7423583550023282,0.7728778754941432,9.30978878635093,9.279677768664483,89.13365793269274,-0.9959797812782656,0.01637267530883501,0.08806935215005132,-0.9692043,-0.009291843,0.24608256
177,187,69,0.8966703854559503,96,0.8283189352068069,0.7586914653329436,5.302224496470446,3.683893335672344,83.82742524388554,-0.8887625113663146,0.09684594028951422,-0.44802015829567476,0.90987337,-0.15927191,0.38309646
173,154,50,0.7427828678132226,94,0.9809800291281263,0.976598835677814,1.537756123218728,1.5161654191189384,89.30536843976006,-0.9989372639877605,0.03491389897448733,-0.030089238525536435,0.99929345,-0.037433736,0.0033712736
182,155,61,0.6613774692899048,97,0.8463942640112229,0.8941112406590817,24.548491399791924,1.9358620806703741,63.05941011249283,-0.87515887854512,0.1003833814722739,-0.473307631491232,0.7845545,-0.5013824,0.36481494
171,156,62,0.7008812128418361,56,0.9000751260637206,0.9170698929795511,14.92049963614247,14.272774281227154,86.74097825928688,-0.9828033662379249,0.057147387103147075,-0.17558963368800143,-0.99713385,-0.03699227,0.06599749
173,181,63,0.8031095797270832,94,0.5354101543878373,0.5345639882622646,82.08125352175317,49.47851518836853,11.746811593148571,-0.9995046389060548,0.031041891721588683,-0.005184376878889615,0.10663626,-0.99090123,0.08211836
175,150,58,0.7094237199159024,96,0.9460719956074758,0.934279115084866,18.73419600982558,16.48725115363965,78.65434603207662,-0.9045524504097988,0.09236047183431179,-0.4162384024812844,0.9644983,-0.23104718,0.1279071
171,150,53,0.7322218637768471,57,0.9542475230701447,0.9498093100142422,5.187033171971717,4.8789101719086005,88.47203867175965,-0.9995131785677842,0.028122878119595632,0.0135096112303455,-0.9953463,-0.008996255,0.095941566
173,152,50,0.8234911007767864,83,0.9546961304571602,0.9519364134655551,5.378565892226821,5.288094401804047,88.37303788518867,-0.996419275870854,0.04163087181575086,-0.07359006172618246,-0.99845314,0.052011162,0.019651085
171,150,51,0.8083150914820714,95,0.9571756761847724,0.9671367629309484,0.9226730430462082,0.15988433417155698,88.9691195688451,-0.9958165820691846,0.016074092510053595,0.08994975500814596,-0.9962966,0.0004723157,0.0859823
181,180,72,0.8590160249520822,94,0.9409931910627307,0.9565970602894841,11.884768949051255,2.1642029611740905,76.9105767417308,-0.9687527780506602,0.06661153767138392,-0.2389162155823301,0.9470772,-0.2644839,0.18191484
169,193,53,0.903045739050969,94,0.9396758529499781,0.9487774130166624,20.6105533223228,14.524140225986768,79.92680260242292,-0.0880126289835301,0.15629056611260844,-0.9837820063833288,-0.15539472,0.10593219,0.9821562
176,170,65,0.7326310435301262,95,0.3487749913027048,0.32385598629756424,18.18834617216964,17.29092279281188,83.81502718213757,-0.9989759009811586,0.03474255827015662,-0.02898454594654157,0.93649095,-0.1550319,0.31456286
180,164,64,0.9787487037329504,67,0.751396413013142,0.7976241940506662,43.11746470787506,39.76551319754131,73.09393727387626,-0.9572750365215268,-0.016133201371614895,0.2887286343025447,0.87347156,-0.33964825,0.34883597
171,156,60,0.7703436438136309,96,0.9635437314117661,0.9631695027215371,2.73081132952522,0.56941630054519,86.88417451847243,-0.9988758067382043,0.03517564903292243,-0.03177729422424372,0.9965572,-0.080848314,0.018366996
183,182,71,0.8873985928520672,94,0.879668566570045,0.8998563727792284,11.009170197517967,6.070454051990268,78.65167132882154,-0.9120913142668283,0.09004891832890993,-0.3999757827004071,0.92792237,-0.241821,0.28369462
180,150,52,0.8224835530662225,93,0.863161687622381,0.8525746210054544,29.514923734211987,7.636902232874492,61.33837575658283,-0.9985017820119081,0.022406169532563955,0.04992148721665034,0.86204326,-0.5054779,0.03706121
174,152,52,0.8344880112194586,95,0.9544352170129955,0.9417736082421778,10.846154984946214,6.890533728004181,80.86831758814525,-0.9946444070536173,0.044642285066236,-0.09321786256411829,-0.9827772,0.18102989,0.03711119
184,175,70,0.8487370246378169,94,0.9235042250372567,0.9436324259607087,8.316943024137673,6.2640646740881225,83.00364763904534,-0.9626598013463522,0.06995690316448956,-0.26151890671887545,0.97652847,-0.15760727,0.14680637
176,195,44,0.6113800275155002,86,0.055569716229953714,0.6819688046559252,65.3606646401106,62.75968977365654,73.19211736169589,0.5453050068404887,-0.1454095010479102,0.825529240257238,-0.95890814,-0.27206528,0.08047155
183,195,54,0.6413406861783685,66,0.41801371638678164,0.5572243808157438,89.67263377504683,82.98145758672405,30.760324912405693,-0.11237423863752799,-0.14999481781521026,0.9822797896318634,0.51886237,0.8354513,0.18111596
177,167,61,0.7492627164839432,94,0.28543086031499904,0.8030230292337512,73.74920495907162,55.08266536688081,26.534361355904533,-0.9595643568984877,0.0715385970972287,-0.27224708280411775,-0.3247084,0.8795844,0.34770072
176,150,55,0.6347255007533552,79,0.9088514429282089,0.8998163039097855,20.093450535940054,15.255733695930827,74.79024564941953,-0.9339850658437352,0.08253957858840577,-0.3476479753246412,0.9538147,-0.2922442,0.06950463
164,156,54,0.6266403148335709,96,0.8096456839183819,0.851791494623321,32.94479758165632,15.410681253537641,59.92334621483216,-0.9826205787308422,0.0007343639918995783,0.18562397195457347,0.8746295,0.47280583,0.10713494
172,149,56,0.7879399470045806,76,0.9744746364945536,0.9760584693127262,7.73639943948764,6.459746556141564,85.05545173311758,-0.9957897525093447,0.042780175524736834,-0.08107172984123918,-0.99340934,0.10859024,0.036689315
174,153,58,0.7014102576097327,83,0.9424875171018495,0.9526636757770476,21.95869833878896,17.31637045800068,73.98508135095175,-0.9072388099654688,0.09155055414180313,-0.41053165252970336,0.94621885,-0.3078673,0.09943634
171,155,62,0.9452171167642704,95,0.809007044424199,0.7900347800229125,6.8801111199531215,5.248868472877089,85.23552536894317,-0.9995282722945137,0.030614687025713936,-0.0024441403932829718,-0.9904024,0.10106948,0.09427689
176,196,44,0.6298957358469629,96,0.09686015428978323,0.6529943749839618,60.964983128565166,58.348133882574174,74.20433461841222,-0.5871085134751333,0.14220624395971573,-0.7969196807607961,-0.96572953,-0.25315216,0.057275724
163,180,68,0.7285570167182495,94,0.9430039831114956,0.9650839565160567,4.357603801584888,0.6920076248280554,83.83735988791904,-0.8885012229854625,-0.044446598434862206,0.4567166261927715,-0.8801319,-0.11997679,0.45931855
171,154,61,0.6850401715922513,95,0.7670272121865402,0.7862110670569821,6.225245371430993,6.221271551429612,89.1200831521713,-0.9963604268547633,0.04174303157126124,-0.0743197087792625,-0.9986984,0.037855525,0.0341834
184,168,67,0.8499085724056462,76,0.5094223977308994,0.6888385853114815,11.482208589797844,11.484550889887531,88.23561248679512,-0.9610861491305168,0.07076992816264102,-0.267030019318669,0.99566144,-0.06106264,0.07021214
180,150,51,0.6339270279644357,58,0.9219755222222592,0.9132796013819613,21.6597209350658,0.25276632563441886,67.65622210432126,-0.9955551193248179,0.04318307958560141,-0.08369722829133083,0.91200584,-0.40760523,0.045862224
172,164,62,0.6945790722343659,72,0.9509067084881739,0.9589982420943055,11.786666875046908,11.172141730021375,85.03568669692416,-0.980882685476321,0.058645173816366386,-0.18555295988156378,0.9937688,-0.11073959,-0.012664917
182,159,63,0.9191359638248096,77,0.744947258010795,0.8138737676354953,21.77983519964942,11.824430792220557,70.21156092655895,-0.9722898364977028,0.06449928205575452,-0.2247049542345756,0.84365886,-0.38842344,0.37063044
176,155,52,0.6864131056396187,88,0.8692048397830234,0.9976365648958996,16.632886533761482,5.998154350943282,74.95328404981188,-0.9856022580806578,0.0034133911375247017,0.16904596306108785,-0.95692945,0.27815673,0.08315583
188,183,49,0.6226983488017804,95,0.5609326793708114,0.587726549239132,26.93947529936247,13.971296846422282,70.68236995589999,-0.5971494729617121,0.14136302726232364,-0.7895752031724282,0.37573946,0.2558505,0.8907078
163,166,65,0.8775905517376985,56,0.9704743506290556,0.9766191363789238,10.729064579993478,1.7038602740733662,77.8342395336349,-0.917465476143884,-0.03414320806471327,0.39634750084632325,-0.8898302,-0.21903192,0.40028402
173,173,67,0.6869955237465818,93,0.9318500967738719,0.9407936644154155,15.025623012645255,14.494972169474853,83.7590743634683,-0.9120763108825523,0.09005363821076018,-0.4000089316151323,0.97755885,-0.14494878,0.15286796
160,176,29,0.7746981784583391,95,0.3298407162440193,0.8686434619079803,52.19434552730757,10.475116983726101,41.69373537298188,-0.7015282210061128,-0.08919248619725385,0.7070380863418542,-0.35382485,0.7126079,0.60580355
177,149,55,0.6564004728878582,75,0.9553921607365143,0.963438681155072,18.658841247927636,7.291229800887662,71.17276787258224,-0.95699330595905,0.07280069991470017,-0.2808271184225235,0.92570215,-0.35637107,0.12678804
175,187,57,0.637720874656685,94,0.978862640148071,0.9847942976000627,27.815390643514178,8.451687532609508,58.78939529699908,-0.21104558760946257,0.15704431409036326,-0.9647781316771562,0.045094118,-0.5816267,0.81220496
185,192,54,0.6930643362995883,95,0.17772630080365115,0.40199580140613717,75.80370747023876,63.63796940866285,42.889050682145665,0.24637094209292718,0.14225618641981852,-0.9586785364852671,0.53518957,0.6845534,0.49493313
163,155,51,0.9410616473688046,80,0.6529765834379273,0.6396912226469721,23.03726812091005,3.9890679718519992,67.69947538924704,-0.9991505889154858,0.033883840472687735,-0.02345178084196031,-0.93350655,-0.3582963,0.013758257
169,196,49,0.6000097373114593,96,0.9177612937556051,0.9311858481345208,18.536044974939777,15.490735310939295,77.90134846022649,-0.948162212284854,0.07683294859078271,-0.3083587475748622,0.9711084,-0.23678175,0.029715205
178,173,26,0.6877954252873003,94,0.14472050540021092,0.8936690562731017,67.87321556337092,17.16348519740876,27.580563914764035,-0.4758061108758514,0.14973824491211365,-0.8667104492642493,0.3538714,0.85129565,0.3873897
173,172,65,0.6482809458369487,56,0.30797520571107984,0.4033947210783532,42.18748349353743,42.142384658889505,80.87104732058232,-0.6199729525448698,0.13933268394224796,-0.7721527966006768,0.97006446,-0.19432394,0.14564723
165,182,70,0.6255501719541058,95,0.863239694733105,0.8970621675402053,6.106192567873459,4.578327332089968,83.08762178910735,-0.7462396973252519,-0.08061604070849894,0.6607778508064585,-0.79388165,-0.14498416,0.5905349
166,165,66,0.7248530350818427,96,0.9763702214171882,0.9765419560850753,8.81565714740978,2.3056940190186967,80.28229052608152,-0.9472483575195909,-0.021287482062462004,0.3197927333193763,-0.92409575,-0.1716976,0.3414191
181,152,54,0.6291789539118331,94,0.9796140411535531,0.9763647984208166,38.08416004730309,23.881309852697736,60.69548835000955,-0.9489136988160766,-0.02046854973653472,0.31487113343537126,0.8555502,-0.51575714,0.04503733
183,151,53,0.7014785275038357,95,0.630086588072105,0.5663390362381657,45.84021977800817,14.386491205255348,46.34439581140417,-0.9904987291301991,0.008525639514833512,0.13725735339982217,0.701316,-0.7122357,0.029602693
165,154,62,0.7453627441701568,87,0.9296573749740306,0.9221264815620122,11.36860963897138,5.347180740987142,78.35333769484568,-0.9155369919500894,-0.03488407860798326,0.40071825193102223,-0.9342049,-0.20113167,0.2946307
176,150,51,0.7004168724169818,95,0.9379727993637573,0.9249846599869005,11.346295044739913,8.486033395413422,81.37686050913102,-0.9851039072861536,0.05522757865886683,-0.16285025761426372,0.9844629,-0.17549245,0.005930139
166,163,65,0.621644735566706,74,0.9843499975726205,0.9792958431810551,10.243626650202163,6.149096126651789,80.4590088232169,-0.9384004251668026,-0.02543101853412183,0.34461268888867314,-0.96041316,-0.15930115,0.22853824
185,193,55,0.6664642687236436,90,0.437404483287456,0.5729041513329665,84.87570792521154,85.91410273198234,40.811230326280246,-0.6661670513873809,-0.0953596186083604,0.739681014211336,0.5360217,0.7118779,0.45377374
170,154,56,0.9256072417084248,83,0.9653017650089447,0.9587813855442783,1.121985498878025,0.8671608909899685,89.2029206260895,-0.9986919697110752,0.023083070118357186,0.04562369459528451,-0.9975096,0.034325365,0.06161516
163,192,51,0.6094795540854457,93,0.6331050266475784,0.868790776245115,65.43906523430863,36.71998970961633,25.820488071613774,-0.4134020386765395,0.15268320941834634,-0.8976561657894377,0.3595966,-0.9224632,0.14054173
161,152,50,0.9401287037207386,84,0.8757843853703053,0.9459521169296966,14.709995515789736,6.183536684128839,76.96044515127547,-0.9994797146372507,0.03138959329154296,-0.007415757657276332,0.97280943,0.19232021,0.12905312
177,154,58,0.6957077796851506,97,0.9454773769485599,0.9371881955459876,23.79543168425586,4.586076209612948,64.29130632356969,-0.8913626929199117,0.09613731725323135,-0.44297874204290516,0.82365614,-0.4785106,0.30433235
174,153,54,0.8020320734502399,96,0.9435826630624864,0.9460245998934985,17.207606274759076,12.17003098144636,76.47541146078144,-0.9772541808441706,0.061264552937562194,-0.20302935890148935,-0.9661222,0.257064,0.022936504
173,166,65,0.938297500327754,95,0.9656358618031866,0.973552459211808,15.388634980373954,15.393583471280227,88.54119521858553,-0.9572812247127754,0.07266154578834351,-0.2798802539945562,0.99853015,-0.051744364,0.016128577
168,168,66,0.7236912973923276,55,0.9767541150344996,0.9744708525113954,7.457698085483542,6.245896206472872,85.37060416853636,-0.9837400398451729,0.0017104775595421788,0.1795901118434313,-0.9959363,-0.060977552,0.06627798
171,150,57,0.6173602817885944,74,0.9678281111443998,0.9622700592415077,2.7866131974556336,2.7624211399011687,89.9045372947354,-0.9987295039975738,0.03575424217068209,-0.03551073093532182,-0.9995942,0.02579665,0.0120821865
168,155,54,0.89967309881037,66,0.9631351165158655,0.9785219633355066,9.322411233231932,0.17922657540703196,80.74288304277921,-0.9984887313839514,0.022362044180971128,0.05020151670333972,-0.989374,-0.13962275,0.040554702
159,170,70,0.6491221736854301,77,0.8960618775725878,0.9359371835074147,11.041762155567689,6.444673184026264,79.86719018412983,-0.9518565129481074,-0.01898723577020622,0.3059553294781383,-0.96904314,-0.16588017,0.18286401
175,168,66,0.8185004097837107,94,0.9496132041636702,0.9436625333764536,16.590345034345596,16.32871659330894,84.29147246018272,-0.8658728217519217,0.10264979256453541,-0.4896195223209781,0.9650342,-0.14047973,0.22130166
171,155,58,0.7018528720094018,83,0.9735627842937741,0.9620031310769962,3.60757869766793,2.486665263563434,86.89577103225338,-0.9984740264137827,0.03665167280305733,-0.04130706304963322,-0.99686974,0.078880355,0.005355712
169,155,56,0.7705128385027501,96,0.962904340132727,0.9642565331773525,7.01889609979401,3.935507667550661,83.71033189997917,-0.9863497406435872,0.004128395150355956,0.1646121061338168,-0.99183923,-0.091682464,0.088596396
176,151,50,0.7443748236249409,92,0.973148134943432,0.9699517105071059,7.1329476176786,2.997389083680309,82.98689798297741,-0.9979371393467898,0.03823790119466434,-0.051568680655731586,-0.9891594,0.14657138,0.00897428
170,150,54,0.7619248757015536,94,0.9487969595252178,0.9493618567518037,7.003864741715279,0.9338313032638865,83.15841795862123,-0.99882278998066,0.02359293351984637,0.04238405010352831,-0.9939418,-0.09828401,0.049193777
182,180,31,0.6084534664247446,91,0.4383410542952828,0.32892453852574904,36.61750745191991,3.505330680038735,57.63100714195476,-0.5096920318403368,0.1477743861863758,-0.8475710964076754,0.40134498,0.46814126,0.7872522
164,155,59,0.7291849142558917,64,0.8651346282142474,0.862928861156589,18.124910933209087,11.100341482378155,73.64082678062195,-0.8842060389252376,-0.04584535040443699,0.4648417844540609,-0.92552984,-0.27853185,0.25654343
164,156,59,0.6716013553518084,82,0.8809163697429245,0.8938947519177828,19.764599823035976,13.270329255076547,73.07136587612726,-0.8627417334161128,-0.052440633628327515,0.5029181656759085,-0.92130303,-0.2885009,0.2607067
157,188,51,0.8130971103389852,95,0.8838123824845749,0.9447120917629754,21.459782490908335,9.07281688990961,75.0132525405359,-0.1569096116683019,-0.14774504575243178,0.9764992448648973,-0.2922369,0.19676591,0.935885
186,169,68,0.6279173256955286,93,0.5395002003619993,0.6242960323745423,10.101955168131433,3.79467259165511,79.13347598475816,-0.9632200310071117,0.06966279226720434,-0.2595270067646048,0.9572865,-0.22650747,0.17971364
193,184,60,0.6623040015755167,90,0.057321654752663154,0.45706325463875713,84.01974933046128,81.42973840426775,60.57826373652783,-0.7241199549993735,-0.08497691374519754,0.6844188884755058,0.51222974,0.42411396,0.7468253
172,158,62,0.7600029611729139,96,0.9462228617844383,0.9368873129723101,8.878718993896708,8.447508485376556,85.804019945168,-0.9670842903659118,0.06756157442426754,-0.24532307064109368,0.9896927,-0.10542013,0.09692794
175,152,56,0.617284956561225,96,0.9544675963956655,0.964667485145015,19.587168294031326,10.497535516125385,71.55687262791383,-0.9434072316025327,0.07883950953970952,-0.3221290534794761,0.9297695,-0.34931183,0.11623198
184,177,70,0.7723369933801152,93,0.6378875828796091,0.5921041870263136,8.120724615770326,2.5467235572364593,80.77890431784569,-0.962478984623996,0.07005129476088962,-0.2621583877343709,0.95777345,-0.20015103,0.20642091
172,192,51,0.6571556029357829,94,0.8862495199701331,0.9489025653178641,33.82697519305386,17.68477025861163,65.04775461726237,-0.3628000080473106,-0.13305656202898544,0.9223188740679106,-0.04546228,0.35450533,0.93394816
179,151,50,0.651349937388529,94,0.9308800451718611,0.9467250866103372,9.41330004467154,0.9888140971317867,80.29933861768865,-0.9994597972784136,0.031626577892761965,-0.008937180482997525,-0.9811708,0.19207513,0.020274773
164,162,59,0.9672673511406005,94,0.721357381143656,0.9080341723363425,73.22291704182201,61.95341884188428,36.71068224415671,-0.9837304036189212,0.0017019334517253684,0.17964296929821758,0.39087018,0.7550149,0.5264722
182,153,58,0.8514271192409979,94,0.370319968831024,0.5766519997694097,37.422477854678625,21.252991739336498,58.041891876775495,-0.999322910654844,0.03282291051370259,-0.01662458377644555,0.7712817,-0.57123536,0.28073958
168,167,66,0.9918318087680983,94,0.8799434937784999,0.8757539205513842,3.3348604122759937,1.6059947249807232,87.01047092146473,-0.9967873775389378,0.017961218641635704,0.07805330616927482,-0.99417305,-0.035041776,0.10194128
161,181,70,0.8289948365152091,95,0.9565653567613429,0.9520306384700488,8.901425682034228,7.185225792777036,82.2851773050763,-0.8175367356253816,-0.0646330089918702,0.5722379400665879,-0.8781731,-0.14669979,0.4552924
177,170,67,0.6205798363281523,93,0.9686370636210704,0.970876351371239,9.170997571475864,8.006007522182346,82.97019923123784,-0.8699973022797608,0.10165697694915643,-0.48246300693783495,0.9214721,-0.17187363,0.34835133
175,151,57,0.7452221543536334,68,0.9197555356250446,0.9309683415960285,15.953800930683606,12.294039857737504,77.8622736214716,-0.9385676990723516,0.08078223201317597,-0.33550693770621404,0.9634393,-0.24340661,0.11197299
159,162,65,0.8443649206433526,96,0.9546179139732294,0.9457305736569133,17.61989709033021,7.098686419933099,71.67354275083308,-0.8556532882564541,-0.05449067461135615,0.514672922035264,-0.8742698,-0.32074973,0.36437884
168,185,64,0.7064188444102164,94,0.9747348555445579,0.9764574539397315,81.83437947040892,57.76687814021688,13.618345451596662,-0.9626669655562367,-0.013103400839276858,0.270371252749239,-0.09123332,-0.9840365,0.15280278
175,158,63,0.7270548862870326,55,0.9673516979124702,0.9721892456602302,19.265743321873405,18.72912160837403,82.66990372547946,-0.8687644215202822,0.10195601309852415,-0.48461670554530323,0.97109544,-0.16517484,0.17231072
179,155,54,0.8015557724922587,96,0.8148029062255385,0.891451345544825,31.876745551365662,5.417248918527092,59.05030993437069,-0.9850110203739388,0.0028611667879343827,0.17246768818101493,-0.8419022,0.52899104,0.106626466
187,158,64,0.6873609335348568,64,0.8932524392664218,0.9056962294208922,22.565181280064913,11.948711360898002,71.63248658435293,-0.9669399283549126,-0.010540400697954313,0.25478633186676863,-0.9397458,0.3342532,0.071781814
173,167,66,0.8246008485405655,95,0.9768268629909841,0.9695072901062983,16.38795197201078,16.393248966672658,88.53752247050365,-0.9559981592709272,0.07327759888088187,-0.2840737808613314,0.9987018,-0.050841812,0.0031353289
174,156,52,0.757303834275366,96,0.6693387367552128,0.7679969714797943,15.723312578559158,13.491833725044524,83.08007258959893,-0.9475473811738996,-0.02114142422651294,0.3189153502297425,-0.9853904,0.13807671,0.09970228
180,164,65,0.6379877179514555,94,0.6831900883905382,0.7234802099853272,21.090183439420823,18.210650237495965,78.5295809341913,-0.996853532284115,0.04076765035471944,-0.06797818662805369,0.90166354,-0.24850623,0.3539032
174,178,67,0.7255015051530528,80,0.9449272737357463,0.9738323017195,3.5318676866193206,2.693978259675184,85.85617382713414,-0.9373030399746409,0.08127481141522704,-0.3389062057320815,0.94944185,-0.11800099,0.29092252
159,156,56,0.9067820405038763,97,0.7052559379446857,0.9357431541144519,48.474986741761704,16.113579509195503,44.15247407487718,-0.9983859604258559,0.03693556531753141,-0.04314206809154605,0.67735666,0.6821727,0.27536944
166,176,67,0.8194892793694467,92,0.918523827422061,0.9215448304939053,4.1280835927759885,2.4702340381236314,86.11096163267594,-0.9822560246744041,0.00042343222374302547,0.18754445525258379,-0.972536,-0.060482446,0.22475661
165,161,63,0.9820965726171886,94,0.9431542536133404,0.9426950997721705,7.15596601685707,2.7618216734224696,81.74115463093324,-0.90977155332043,-0.03704711109988151,0.4134528175355503,-0.88274443,-0.1551362,0.4435031
179,181,69,0.8472028482530176,94,0.7077929075457328,0.6759763003166284,39.029086259256026,38.11809919113247,81.40933354820352,-0.9884747928923663,0.006278487645567406,0.1512552954751606,0.8568515,-0.20659652,0.47235936
183,187,32,0.639182574742724,78,0.946039863105446,0.9659744087265255,40.96645020405097,13.03890462429395,49.78914222972108,-0.9870878659197615,0.053437540623531884,-0.15100322581348857,0.6920698,-0.682499,0.23502022
160,175,71,0.7520842252247126,94,0.8558017558336171,0.8998078406528327,12.018436263678057,8.120934685803974,79.29675499258697,-0.8957581978729361,-0.04201508418212658,0.4425516734174652,-0.93735355,-0.18489678,0.2952651
172,155,54,0.9281296903417351,75,0.9662560336498451,0.9631780601628737,7.846878263991437,5.515794403117269,83.90353587415888,-0.9983173215505283,0.0371494006040209,-0.04452468446761916,-0.99018675,0.1269595,0.05840772
166,175,67,0.9126246193477857,95,0.8538300659274534,0.8643500779190224,7.479241336810831,1.0155949516408675,81.52207796718794,-0.9566738484742248,-0.016458637903884632,0.29069616592563646,-0.9443529,-0.14626113,0.2946275
188,183,33,0.694037923705713,94,0.9611083616968408,0.963537020198733,34.830241092030164,1.000260079155093,54.542426617985875,-0.9964004530942571,0.04166686172204258,-0.07382418105062453,0.7961966,-0.60420585,0.031722315
165,160,63,0.6405870419701966,55,0.9720642143671997,0.9716533430497886,10.25918318898177,2.870823191936151,78.67497103047911,-0.9264388648682792,-0.030569678572615673,0.3752019781578202,-0.8933464,-0.20452155,0.4001289
182,152,56,0.6162040953700365,60,0.8307790665416258,0.7888356941554328,33.103536465736916,0.32081386171266113,55.396191537431726,-0.9627324241025285,0.0699189184336853,-0.2612616015160534,0.77782196,-0.6025022,0.178841
182,175,63,0.7042002653969196,91,0.8629891311344036,0.9039906433220471,55.131128207281314,15.343297548893357,33.10740177397045,-0.7725437921083155,0.12071518401986804,-0.6233810500985361,0.4786036,-0.8639398,0.15667354
172,149,55,0.8993261225619869,71,0.9746294530179136,0.9809312288333595,10.515165066541812,8.838146220241455,83.50222391297628,-0.9937806973320658,0.04590231445526767,-0.10145394589587446,-0.9892273,0.13385499,0.059264384
170,160,61,0.6859030104394732,96,0.9626177454386126,0.9514716054485423,4.913918505930261,4.580757119919937,88.73823326106643,-0.9846925612725678,0.0025683238955007126,0.17428127692565915,-0.9944326,0.039691932,0.09761326
175,162,59,0.7340942511314753,60,0.8765450673113977,0.8394144946591457,54.69241808350675,18.25260196701216,38.37971247363982,-0.9696457434812896,-0.008829524622995577,0.24435460225571604,-0.5045072,0.76974523,0.39110726
165,151,51,0.612137831454741,66,0.9496890223497959,0.9316417164197487,16.46562177428941,11.604426147038376,77.61902863057955,-0.9812178289984299,-0.0004446870002901281,0.19290249948893798,0.98175234,0.1887869,0.022845073
167,157,54,0.6171995738471717,96,0.6749364100075306,0.6847217011976344,27.6300557899137,23.40225084108498,73.56680739516531,-0.9479625096906801,-0.02093794359824602,0.3176927489553764,0.96250266,0.25220853,0.099897586
169,157,56,0.7317376003797627,56,0.9789751495080552,0.9805866760326706,8.709821108238438,1.8524156414620456,81.3502562511032,-0.9955185844982603,0.015545076985086757,0.09327967892369736,-0.99031377,-0.1297574,0.04941347
182,161,64,0.9238741128769798,63,0.76814406197639,0.7848704140182183,29.26173882499287,22.25969820863654,70.0671000237626,-0.9991852639640191,0.03369222893334895,-0.022218055420234136,0.8522062,-0.38943028,0.3494121
169,185,62,0.6600386414721656,84,0.11236494690992749,0.8937783791386011,86.99440568123283,77.99583339025469,14.064433540717184,-0.9960083259171356,0.016425587953535326,0.08773605167846246,-0.054051865,-0.98425597,0.1682813
172,155,60,0.7654909095485053,92,0.9552859406549704,0.9633812103394063,12.468346684938185,11.339514654037124,82.92603462402533,-0.9412060899809462,0.07973481943163724,-0.32828867594387606,0.97900754,-0.15769716,0.12913518
167,164,64,0.8672185346408438,94,0.9154208628615441,0.9342239688213189,4.599911812887182,4.592340763871636,88.66817081897857,-0.9577427784565875,-0.01587838370971445,0.28718747752125784,-0.9777098,-0.014489676,0.20946059
169,165,62,0.7655105716467073,96,0.9632366860694589,0.9656016317017845,6.581336987282548,5.293405192222022,86.02120673945265,-0.9968554697917611,0.018105093111828827,0.07714517450663709,-0.98496366,-0.057126455,0.16304356
173,158,59,0.7739971455649817,84,0.9401954323282027,0.9628758447508359,16.781570722767665,8.229522665199097,73.92737647102635,-0.9697855909017211,0.06600918127661823,-0.23485888458091192,0.9491014,-0.30680433,0.07125837
166,154,61,0.6404728929387576,56,0.9131608364306425,0.9031194401575774,11.684565125780615,1.9042942021066303,77.39445976362533,-0.956215206879582,-0.01670536477856077,0.2921872839804186,-0.9472939,-0.21307625,0.2392338
183,176,72,0.7691910702996602,95,0.9564371543377574,0.9722009881967072,18.282125116692324,12.757526703164963,74.65502762652262,-0.9173276927567495,0.08836870973196376,-0.38820210617909645,0.94147193,-0.3004478,0.15284546
167,184,67,0.6091595758260799,94,0.7151320345334435,0.5960993792041201,4.678322211248419,2.371066095226153,84.40301866045458,-0.9183347592660519,-0.033806264247925884,0.3943582209379718,-0.9315681,-0.10061985,0.34936607
183,151,55,0.7766375563634834,57,0.7932000220717744,0.820493573091414,40.06795204289292,16.47872237269426,53.127891068258336,-0.9947564852594437,0.01427411556190876,0.10127084802253582,0.7707314,-0.62885433,0.102545016
183,174,70,0.6256260450661751,94,0.977464653634576,0.9738027052832813,6.2400922893558635,0.5635386748539072,82.69172348428403,-0.9834321308319188,0.05663735525785876,-0.17220178290826998,0.97458684,-0.16345339,0.15317823
176,162,70,0.6139360787441633,55,0.6901314708240998,0.7122937218453652,81.93435446414877,15.503554255082856,10.234289923314218,-0.8954840871843346,-0.042108559624772175,0.4430971888942269,-0.107554324,0.97548527,0.191991
165,154,53,0.9922281507282591,96,0.928271447137233,0.9408418683681445,23.148169645872326,4.234636683824826,66.8288820924818,-0.9890446723414423,0.006889076483143521,0.14745567719900993,-0.92641085,-0.37444755,0.039396282
168,153,52,0.8512267977231477,76,0.9646774443141304,0.967179227712513,6.277738920639278,0.5995750987767648,83.48822399944774,-0.9927130370087868,0.0112918879046712,0.1199721610222128,-0.99021685,-0.09649874,0.10078997
182,182,34,0.6608920608187846,95,0.8532944043930443,0.8308384625602879,29.684796135778974,5.506607197764076,64.7923140584519,-0.5500856303500965,0.1450672870501496,-0.822411868536834,0.4365117,0.35448727,0.8269198
155,182,40,0.6279697355430819,91,0.5378695597841203,0.6777037529491463,6.9246443207976105,4.4041946214865595,89.23944620243314,-0.1564059384517226,0.157008724550365,-0.9751335512800816,0.08297355,-0.063096434,0.9945523
165,161,65,0.8539328722348017,94,0.9648959829352235,0.9679130373058192,11.360883322781067,4.124811825221373,77.64879769441758,-0.8999757147835626,-0.04055974423727343,0.4340490985444189,-0.8512432,-0.2285594,0.4723829
171,156,53,0.7868187813705079,97,0.9668379963461673,0.9711231197461451,3.383331692142375,3.3216791212776116,89.72970091924044,-0.9993318209077141,0.03275855456293948,-0.01621076260449939,-0.9990206,0.01723588,0.04075289
169,160,61,0.6038926274670531,96,0.9626975653574176,0.9552124683949523,11.18146432397791,10.573296961655956,87.27096387672547,-0.9657991180053969,-0.011240366654519551,0.25904771339942284,-0.9943571,0.06647861,0.082671896
167,179,64,0.9560435964097718,96,0.9761833781886647,0.9732003945127985,76.81893690950278,26.1425149392065,13.734135501448197,-0.9678824181829598,-0.009952818016704279,0.25120622202850085,-0.20419684,-0.9754616,0.082330585
183,151,51,0.6693565658967792,73,0.9087276424710178,0.9064525892088214,31.141491860850877,12.242488510429151,61.33970321899704,-0.9943383233978622,0.013619130497538144,0.10538414447543597,0.85998887,-0.5069849,0.058185037
166,166,65,0.7084865311673646,75,0.9457091493613665,0.9637758040091745,12.880731641806674,12.069103802110222,85.2039670940475,-0.9928756231137291,0.011511397588634925,0.11859799640837293,-0.94506145,-0.083820656,0.3159635
181,179,70,0.902169725635403,70,0.7563052026636599,0.670094603014861,10.005864412364447,7.678354615089626,82.51581915332886,-0.9855599961901826,0.0548281516112431,-0.16020414383061926,0.94405276,-0.17517848,0.27942243
168,154,54,0.6582632544095631,81,0.9671581567821546,0.9741766952291866,13.162333527131425,5.266810947409957,78.13649532572445,-0.9994668498707139,0.02747711492060008,0.017635877215267264,-0.97782314,-0.18854907,0.09116553
168,159,63,0.7379643565366409,95,0.8245330657386556,0.7632235460991099,10.787839267617079,3.315357034425805,79.60636986733164,-0.9958192857288297,0.01607898644854718,0.08991894330624058,-0.97726256,-0.16632873,0.13150172
176,169,73,0.6931079942773516,71,0.6912293830433331,0.6453810549066271,88.03004962964371,34.92979118765853,5.498810233313208,-0.7992038524601973,-0.06906669533334076,0.5970787165931395,-0.0049427566,0.98627394,0.16504316
172,151,56,0.7623195447327882,96,0.9695406703127427,0.9691364872716989,12.386763588537603,12.338229189140977,87.79267334631662,-0.9849544359546254,0.05535702620214475,-0.16370815112070944,-0.9968754,0.059732217,0.051687043
173,150,57,0.6753478313067433,92,0.9482599491389804,0.9380827674194401,17.77486116583736,16.136810891053972,80.5309294486837,-0.9400273560002861,0.0802061406449968,-0.33153513384548916,0.98007625,-0.1930551,0.046694096
188,183,34,0.6306199080560012,96,0.9648149486703884,0.9672463477666611,33.51060539575814,1.1717539782105728,55.822020780032595,-0.9955575902986863,0.04317889907198378,-0.08366998908571997,0.8111984,-0.58466226,0.011280442
172,193,53,0.8524887405051202,96,0.84111942276972,0.8779944163134349,28.173618687762332,22.206413643720595,76.64880057367186,-0.35992965314732595,-0.13331311914965932,0.923405792188805,0.025399487,0.15721239,0.98723817
166,170,65,0.7241218901851234,77,0.8558211394592872,0.8362028731703117,10.174549306814555,8.471779515134335,83.81966138807222,-0.9846513108954921,0.0025306184478326166,0.1745147326791079,-0.9452968,-0.107346736,0.30804315
157,185,40,0.6880201428740371,76,0.8557545506214348,0.8685155294590291,55.83575445161534,54.773437465018404,80.5727744717464,-0.8159962690615749,-0.06501556218016781,0.5743892979086455,0.005714355,0.08972136,0.9959505
185,167,69,0.6921433122198707,54,0.9302175230159541,0.9441592470951184,11.70270837550915,0.19677214244863805,77.13616239655933,-0.980540436315584,0.0589032906332859,-0.18727214182204177,0.95041883,-0.25988623,0.17077273
163,166,61,0.7596277898140608,72,0.9340321284065547,0.9768185113377496,71.19840663369993,51.4037544621586,30.294665290157166,-0.9851466235419689,0.0029868265527685793,0.1716892803613608,0.39890477,0.826435,0.39734134
178,177,71,0.6909770394605605,96,0.9001947816908775,0.9297834494956454,17.814728252909703,6.463247885104381,71.08195007763072,-0.8981430553536539,0.0942354540298283,-0.4294865903887983,0.7913472,-0.38078406,0.4783023
164,159,57,0.7627488519719813,96,0.8939012631871934,0.9019411426617617,64.68673164661617,46.45584819810282,37.340102571675295,-0.9769454355820831,-0.0037835112200095824,0.21345561819306083,0.5216582,0.75471914,0.39783376
175,165,65,0.7423936127900326,77,0.9738671370596607,0.9753511399557325,9.846296492929175,9.853170243908655,87.6055222149287,-0.9008817637085813,0.09344387602112514,-0.4238871192327794,0.96091104,-0.08564634,0.2632769
181,168,67,0.8735165293400692,54,0.7381377690534174,0.7941261858545152,23.935041305034687,22.509799547258773,81.76273929874465,-0.9960350403370104,0.016475297286164068,0.08742289745931921,0.9395961,-0.18859236,0.2856433
159,163,61,0.7623409695625359,94,0.9314223635906366,0.8828375703514816,63.156975875698365,28.167149105969283,30.449464811924724,-0.9912192831238359,0.009384842182322162,0.13189487291279367,0.49559078,0.8342864,0.24156982
172,158,57,0.6928587572078273,91,0.9712471742098017,0.9761677167272449,12.072313204891485,11.346555436280822,84.6012762670496,-0.9780865243801248,0.060685231953921816,-0.19915836273856613,-0.992884,0.11906293,0.002346812
174,175,66,0.7438105370526015,95,0.7910109744552679,0.8107793370429018,11.336250379120068,7.784074409844973,80.67861018107546,-0.9853616503454049,0.055002689219712436,-0.1613602249849069,0.9379012,-0.2067767,0.2785404
166,150,51,0.7372537253035653,89,0.9321021188453407,0.9361101179671275,14.627148044880878,12.317807180752538,81.58081111809321,-0.9868526605544714,0.0046207867983444895,0.16155641332341303,0.99115396,0.117429435,0.06184017
173,149,54,0.9040962879900215,94,0.8986457473777882,0.8403865537047801,14.373782766585807,11.531300238803265,80.04590699772271,-0.9748802226433845,0.06285545366767906,-0.21367672648890734,-0.98015964,0.19818246,-0.0032842017
179,174,27,0.7921730573009154,94,0.5777803173133378,0.5720934587520596,77.14248935186026,62.8838067645867,28.110019906928915,-0.98514712756265,0.0029872932317825955,0.17168638016513527,0.30523217,0.84420496,0.44062617
185,193,59,0.8771455611304048,72,0.20608403770052336,0.27818368040459684,85.55675619506638,74.20514744820204,32.26502210294981,0.06862392723095398,0.1519007542340081,-0.9860106071815558,0.5237639,0.8170912,0.2409011
166,153,58,0.6905421451170899,94,0.9077537409178305,0.9190066900164509,13.263879160540803,7.971129653101247,78.44916563601707,-0.9664888055470496,-0.010818637379865492,0.2564806929136782,-0.9773514,-0.18417686,0.104225986
170,162,60,0.9775135358207772,58,0.9722756745604021,0.9790673399586047,3.3686196983096433,3.303852941200169,89.53295295587607,-0.9993816760533439,0.02664624117481703,0.022939995642165353,-0.9967759,0.0108391605,0.07950054
155,185,52,0.6685790963347337,94,0.6654435846592925,0.676503852907977,15.655773677579253,10.01181371695964,82.02636826285661,-0.4092273627090254,-0.12868419805188042,0.903312428112201,-0.23782247,0.07270944,0.9685834
168,157,55,0.8725075187142117,97,0.9736576395252605,0.9798831416251468,14.166363937192624,5.333623883058731,76.46045136415889,-0.9889421166125694,0.006778009830946341,0.14814705050247473,-0.9762968,-0.21318914,0.037349273
182,154,54,0.6088049918650004,67,0.8499641873332964,0.8632226313723877,39.130591957333415,8.086795715004262,52.3568741570041,-0.9738203505885306,-0.006030462740529458,0.22723898938951168,-0.7227082,0.6058739,0.33258033
165,154,59,0.6216163236040422,95,0.8804216577391286,0.8478883375945192,18.09229588729134,9.411805974940888,72.80907862081459,-0.9105539376630192,-0.03675797104584995,0.41175281197699565,-0.929802,-0.29012072,0.22649117
175,161,63,0.8015772383378053,94,0.9701402100271701,0.9648306818389962,24.16602777125956,21.50847820429309,75.60806448703153,-0.8229080483318117,0.11188029869993481,-0.5570503951650533,0.9378189,-0.28736043,0.19472983
191,181,46,0.7370270027539328,95,0.6091356055194729,0.5998367348815702,43.17612863580818,12.356015603870468,51.865212290882994,-0.6950610167303913,0.13140460021594172,-0.706840161609259,0.43115097,0.5554918,0.7110118
156,186,42,0.6295312492168154,94,0.7906261773289449,0.808559801516146,36.88673311210389,32.43222455480196,73.74534257329066,-0.8682089261932806,-0.05081851420016216,0.4935896464602948,-0.4407814,0.22690201,0.86846256
159,184,38,0.7395347632335652,59,0.7674111983332956,0.780154660515441,28.675928866903806,28.699489951350888,87.35756817682861,-0.5161446950171218,-0.11688878436464589,0.8484878702111409,-0.04210479,-0.11933174,0.9919613
172,158,55,0.9553518839094246,97,0.5679598782876281,0.7250112057834084,10.193344577739456,7.905551946230772,82.87936357284954,-0.996069850762116,0.04228199093779915,-0.07782728085364328,-0.9872661,0.14401263,0.06757257
158,183,35,0.7600642705379111,94,0.8409576129921129,0.9273281324022435,24.9816288657933,3.8706530629822744,69.4561828991418,-0.38064761797388,-0.13142581086424943,0.9153330799056079,-0.2876577,0.2910173,0.9124484
183,173,29,0.631168696611738,95,0.47728369339083954,0.4351091322261822,57.78959296209101,7.949626173502717,36.265294471306085,-0.6507443299607054,0.1363289806175525,-0.7469579814606518,0.34120238,0.7587756,0.5548338
176,157,62,0.6586629849702372,59,0.9658713517152964,0.9569912229703085,15.999486325989006,8.9114310473671,73.75350757019504,-0.8189023790061598,0.11265208442056507,-0.5627685150519295,0.8566722,-0.3316214,0.39514542
193,186,56,0.7059691598074913,86,0.409583407419934,0.8971036313949845,38.982685060497246,31.76197968767109,71.32630369045113,0.0479218574160937,0.15269865319936526,-0.9871102354311254,0.46887502,0.24602787,0.8483081
187,179,38,0.6108055866884176,95,0.3193107360698119,0.45980081569613235,12.434776663288208,4.201765682900645,82.88226566387814,-0.1513097380689834,0.15698080136492124,-0.9759417970188196,0.08348075,0.04780836,0.9953619
185,167,67,0.9681980746362808,95,0.6513317133526182,0.6829181534277581,9.14696561317145,8.985573814872899,88.62577138952308,-0.9906008906223733,0.008645347318758378,0.13651056174486567,0.99858356,-0.05034618,0.017208831
165,174,69,0.7940073649709545,89,0.9587779709921107,0.9469248390777163,15.363136447314922,11.31566232998776,78.79293957567695,-0.9755538017446078,-0.004802026073515596,0.21970826212783073,-0.900741,-0.20117708,0.3849592
172,155,61,0.6731514576383657,60,0.9721747169679116,0.9735258324818392,10.430704073618179,9.70891843049234,84.59946217667239,-0.9604435347835301,0.07109655983111308,-0.26924616185323613,0.98710424,-0.12646087,0.09814727
172,169,65,0.7349479683003114,96,0.9533268805465405,0.9500557162281041,12.85570925827623,11.513493458528792,82.91640026430332,-0.974427398863982,0.06314935654116371,-0.21564647716021504,0.988768,-0.14916131,0.00942017
167,181,64,0.9186555155478752,93,0.9512286282373786,0.9791275633379812,75.24291106972532,29.84391489228374,15.504446649934813,-0.9352683029022724,-0.026823295339288615,0.3529216802825305,-0.19374931,-0.9717957,0.13444129
176,154,54,0.7030447443482006,96,0.9064234354556064,0.9100052986235637,17.021143956100133,10.172960296197282,75.1254232697243,-0.9817017329646096,0.058017016640875024,-0.18137180948089743,-0.95974433,0.2805973,0.012489801
185,174,30,0.6695210907745553,95,0.6815364152853749,0.6465843337482006,51.377183953646465,2.938093275030481,42.83106291090743,-0.49041356975565326,0.14892464847996834,-0.8586710544059554,0.3836643,0.6792707,0.6256141
181,164,60,0.8085686609481596,60,0.8667137756815024,0.874888320409182,58.32515362645826,20.488850090010676,34.066686820091235,-0.9980786784497121,0.021091384554442292,0.05825894885468642,-0.4919632,0.8217882,0.2874656
176,169,67,0.9270830977200554,95,0.9690574786653441,0.9727876708684909,13.870714894095798,12.826964405703038,81.68359663622479,-0.8161746892600678,0.11317009410540879,-0.5666139836003034,0.9121311,-0.19487888,0.3606095
172,180,62,0.9638559595758193,85,0.16010623841685523,0.5175002400496728,88.37379899495855,86.33700293161618,12.511136059026306,-0.8087377376511238,-0.06679287407131597,0.5843645982366108,0.11395607,-0.98910266,0.09321974
176,154,50,0.7252299014617037,95,0.9321050838452672,0.9398093484568871,8.957557164143394,0.4308010652826682,81.01227686626713,-0.9982441449565811,0.021579885834947413,0.055162809820157054,-0.98168135,0.17579629,0.07346672
184,163,66,0.825159386075328,68,0.9163728744300281,0.8911845007977034,11.24633692687129,7.430694000893869,81.04787130494306,-0.9985443274919428,0.03641653745839669,-0.039787709574755144,0.9690393,-0.1919614,0.15528576
180,164,66,0.6153568907520788,96,0.9652953001300122,0.9678601716693748,18.53940255551106,16.343546383558397,78.82005178111267,-0.9060935595318187,0.0918976466403294,-0.41297612996022903,0.96528965,-0.22816248,0.12711361
174,172,63,0.8662348098622101,95,0.4046674328521424,0.9857306660874553,76.90093354837927,1.7665896807995989,13.829265076326642,-0.9759371561012057,-0.004524452376714478,0.2180050381798133,-0.21047667,0.9705125,0.11749488
154,184,53,0.6269196842019465,87,0.916528792529624,0.9352074453183616,3.567405926973924,2.420341404881159,88.15738242482976,-0.18674621245235498,-0.14606027416853176,0.9714897057841186,-0.22737034,-0.09896749,0.96876633
173,195,49,0.6524782710159401,55,0.9462897000043736,0.9416961851919294,9.099930403946917,6.880854313556371,84.34605714648146,-0.9995205910240869,0.030769624503947407,-0.003437779333554456,-0.9907847,-0.082070984,0.10775019
171,150,58,0.9460961845235397,95,0.9662630422283628,0.9533471419537428,5.5462477707933004,3.6116476211424615,86.43244658337565,-0.9963387998446313,0.04178398824502805,-0.07458615320888631,0.9991989,0.03611048,0.017251235
190,169,33,0.7354392440036521,69,0.38843460105407956,0.3614538539329423,55.79030412778461,27.823677046457618,44.5010602138188,-0.17111353298508292,-0.14696093515977554,0.9742292555483679,0.23492941,0.65595514,0.7173083
163,161,64,0.6429296580646517,64,0.8794482066707702,0.919650961321652,10.765291626825416,7.287686009928253,80.08950273827071,-0.8789419806837031,-0.04752144527271229,0.4745552726827524,-0.92238796,-0.17527464,0.34420812
185,170,68,0.8531862379026964,54,0.24282408040785536,0.19446946984545882,2.8522432559998134,1.829829377669366,87.19162238988774,-0.996740557705795,0.04099864650123937,-0.06947928906809281,0.9918339,-0.08132467,0.09824336
166,164,65,0.8885976116636258,96,0.9570291376972195,0.95999759487507,7.598397997936838,0.7586539927125638,81.2695856454355,-0.9497898181865283,-0.020032215496352205,0.3122467159339061,-0.93808925,-0.15203092,0.3112478
162,159,61,0.6572183212057362,96,0.8498853457964067,0.8848109534464449,18.14200061209847,8.280160763399477,71.29872995369874,-0.8095709702073112,-0.06659092718678275,0.5832327945289064,-0.8465989,-0.33154917,0.41634774
172,159,62,0.6882102820250198,94,0.9467926758254447,0.9520803473424503,21.258456699294527,21.26782241704556,87.32261295323143,-0.9195420546047096,0.0876381966430067,-0.38309523137532125,0.9970356,-0.07351784,0.022697251
171,151,60,0.965469853361505,96,0.7116661808694327,0.7002419548009484,17.16664954173449,17.055491892438724,89.47401784595574,-0.9666395864358512,0.0678102110563385,-0.2470013870641648,-0.99892986,0.012474533,0.044537082
165,153,61,0.638458059301868,81,0.9094007256518518,0.9099747910435875,12.550087164942006,5.102961754952193,77.10033189016143,-0.9312613453259556,-0.028554452164632933,0.36323126237050285,-0.9409996,-0.21961874,0.2574634
166,152,53,0.6726991225661213,94,0.882536911601497,0.9504292576961506,15.828640365067532,7.141972579425746,75.41301559900607,-0.9880978989308229,0.005883165757052389,0.15371379407577113,0.97335005,0.22906867,-0.010827138
167,179,69,0.6161187895400769,67,0.8025847758610147,0.9452107021384857,21.750681360604148,21.343545956884885,87.08059351065017,-0.9738264841519204,0.06353496811304815,-0.21823218504882258,-0.9887153,-0.037179593,0.14511968
171,151,57,0.8939357909358846,72,0.9799061077815865,0.9776685354715381,5.009183882414894,5.006807523460716,89.49413367272001,-0.9958710977768747,0.04263750663490148,-0.08014237106949952,-0.99942034,0.033380114,0.006692659
192,168,63,0.634252638671425,95,0.4662671823747216,0.7660433394530753,32.99840102769824,32.897583446443825,89.08983765122319,-0.4865805077066639,-0.1204081644243088,0.8652983782834068,-0.8828421,-0.028866092,0.46878198
169,184,67,0.6159827460875085,95,0.7104777927987406,0.6191184919403127,9.973973990236226,7.925241925576911,84.12926072065095,-0.999426054599531,0.02704418113283639,0.020400334665627844,-0.9848218,-0.08907729,0.14896761
164,168,65,0.9854125846409757,95,0.9494938127340066,0.9774749709359407,6.378301823044749,3.2731057529341645,82.90006270284606,-0.9129473109622563,-0.03586503604503366,0.4064983475935343,-0.9303372,-0.12641728,0.3442259
176,174,67,0.9876885177829696,93,0.8042067786175101,0.72159323517973,4.881893455463502,2.8486432149086642,83.80323860951108,-0.9023490553923103,0.09301395640920483,-0.4208498380012898,0.91600114,-0.1587501,0.3684295
167,154,57,0.8525788908326571,62,0.9107349806753606,0.8912444261862545,14.445413968026402,9.806483420988256,78.18429569148391,-0.9519830568957128,-0.018922511486655465,0.30556537425325425,-0.97403985,-0.19018768,0.12278052
160,171,68,0.7855811213337559,94,0.9021528383486371,0.8763146343899622,7.649482316083636,5.608185661696571,82.9967367324936,-0.896873473575191,-0.041633368450994135,0.4403233300980033,-0.9315253,-0.12451869,0.3416955
185,194,55,0.6897769969483295,96,0.5123056521461369,0.5786148857771799,69.23717862174146,56.82002648230499,35.70334340950935,-0.8053369506906207,-0.06761165688942018,0.5889491146992244,0.5668876,0.7807265,0.2628775
189,180,49,0.6266853134499637,95,0.7020186168079734,0.8264454216595409,29.716803556222917,27.97197000158179,84.45108454312613,-0.032655972212267736,-0.15324447402588048,0.9876485805484676,0.44185162,0.01889773,0.8968891
162,159,63,0.6134859562029376,66,0.870133308949276,0.8457467620080975,13.241560548564992,9.177630404779855,78.22906493990052,-0.8542560161110749,-0.05488803070221316,0.5169467700098995,-0.9115173,-0.20831242,0.3546013
175,156,52,0.7935139196744193,96,0.9234342115770707,0.9966615444035387,14.344133967023376,10.747132263955583,81.43329096821915,-0.962471899958991,-0.0132167522260489,0.271059327915358,-0.9810607,0.16660191,0.09881151
167,195,46,0.6441786826233556,73,0.9267227825811869,0.9473742987990668,12.136250688733487,1.691945018432485,76.88568161115693,-0.9833992147535852,0.0566643145002871,-0.17238079905907341,0.9573731,-0.26084396,0.12408537
184,182,33,0.9107214388897432,94,0.908924531044429,0.8890811392911596,70.36811952420409,68.55132377849739,68.36792930151839,-0.9969117503456904,0.040646689463098726,-0.06719232588906666,0.28759685,0.2944715,0.91135865
182,171,71,0.6003122969002248,94,0.9368739480129744,0.9619418777676277,19.115818196064517,12.470899665191224,73.8289439362166,-0.9612034504498976,0.07070997262344336,-0.26662337972279054,0.9516224,-0.30559307,0.03205758
182,160,63,0.9763171582110804,67,0.6869861390368811,0.5963139867707612,31.259745141957932,25.71516130902465,72.00323777012281,-0.9894595547767484,0.007343956437663222,0.14462315086057526,0.8992874,-0.35185397,0.25977093
184,166,69,0.7803359904503003,83,0.9524036978988206,0.9625284966462736,12.904229751051252,3.450967352908101,76.46867252159196,-0.9836746406903404,0.056437821110639344,-0.1708770716363465,0.9596445,-0.2656308,0.092318594
179,151,52,0.8713163954185842,63,0.8485768822323057,0.8699553024094757,28.116587189198032,1.9297188457443222,61.510667731691825,-0.998965587172997,0.03478884728763864,-0.029282960036628593,0.86484283,-0.50163716,0.020177757
181,182,70,0.6373842063422133,94,0.7146120861866161,0.7286345838900088,23.809914732643417,22.251326154297942,81.75872412101066,-0.988016180582339,0.005798302436270857,0.15424139067171463,0.9587393,-0.18398972,0.21671827
179,153,52,0.7792042069010896,95,0.9477981173364523,0.9309526500631212,27.016364545826566,8.350535094383503,64.44064810748769,-0.993645617827282,0.012588820342986664,0.11184769901527288,0.89053863,-0.45490122,-0.00241705
169,170,67,0.9358684379163936,76,0.8996886095691113,0.9461656344444345,3.8051405734573196,3.0468692616693622,87.65359028324183,-0.9967976032333055,0.01798271218243419,0.07791765044520646,-0.9996021,-0.01768226,0.021978797
179,149,51,0.7165800616594182,75,0.9248261365696928,0.9205401598389034,18.738816096662976,0.12267266099726709,70.42017207152658,-0.9919003737664915,0.04834468803238118,-0.11745824645782058,0.9268668,-0.36570042,0.08474184
187,193,55,0.7000251080375827,71,0.4459051832112155,0.6106330543190495,53.39938462238881,23.358195076452237,41.77490052217479,-0.9801638138584532,0.05918447690872738,-0.18914569964842443,0.567546,0.7016762,0.4307461
169,172,67,0.7204726159313928,93,0.9457549126418986,0.9189656262618283,2.937173668626121,2.6793267429258965,88.46119722377892,-0.9994726163814035,0.03147734704946098,-0.00797908055101864,-0.99799347,0.04892121,0.040196557
181,196,45,0.6860709362487156,67,0.9250923967654926,0.9139717399310263,6.337903796781527,6.2400333238210015,88.52263724538683,-0.9899327652315782,0.007874217162147978,0.14131920260546504,-0.9690023,-0.020003825,0.2462406
175,168,65,0.6556879211504802,71,0.9500636521714854,0.9736705379502744,10.984139576119457,10.878692845432202,86.2429698281836,-0.9116651355653472,0.09018286762581786,-0.40091611464420024,0.9698432,-0.10640134,0.21927816
183,166,67,0.8028288363650806,95,0.9138282194435146,0.9617417010991934,7.850823661948063,6.162494720307255,84.83975156826368,-0.9995517956379234,0.029818305142737297,0.002660172065418581,0.98768425,-0.12224903,0.09764738
176,194,45,0.8044082284672129,94,0.42956326664495775,0.2734877118711731,17.270790871345913,9.593372022157366,76.27082319239204,-0.9954494354168288,0.04336059603866108,-0.08485446505334072,-0.9739852,-0.21824236,0.061017625
175,180,67,0.8472138030028848,96,0.7664478615828971,0.7924027430042003,9.0102348609014,8.873857131366762,87.41562803844522,-0.9870667854152623,0.053457319734499714,-0.1511339673825317,0.94987494,-0.09136015,0.29898316
176,157,55,0.6236528183503731,73,0.9018872763235144,0.9285916009902154,30.434718409373037,18.56031635298644,66.29717362461831,-0.9713372438817394,-0.007720462789938818,0.2375802035156457,0.90208596,-0.4291958,0.045076232
160,158,57,0.8327519722242809,96,0.8748080074523701,0.944758674426247,55.52386415991122,21.508924651540475,37.51810363490665,-0.9982262045900342,0.021525495583512615,0.055507634697034146,0.5974016,0.7619776,0.25000295
177,169,71,0.7317290853121909,95,0.6255836184859516,0.672220301945024,88.59764836791123,71.8408718048454,7.719138368925881,-0.6033360790979815,0.14082852283382383,-0.7849540768829202,-0.051320333,0.9815176,0.18436222
167,164,65,0.8421087289135657,96,0.924395965921705,0.894003529863022,8.967876808006991,1.0738401852310102,80.34764333393719,-0.974742967561024,-0.005381946083489575,0.22326482447238133,-0.96060085,-0.16106676,0.22650282
171,152,57,0.7984995799747193,96,0.973309015734036,0.976367265189293,2.6944295242740894,2.295625509838125,89.05990546239703,-0.9986527608309611,0.036036999371154115,-0.03733628209962493,0.9999634,-0.008521934,-0.0007731819
180,156,59,0.8013128785979946,97,0.7676738141680634,0.6908927744200357,40.21031221233118,32.132708985053604,64.89209052488035,-0.9881626646566531,0.005950635847285892,0.15329428597203457,0.82040495,-0.4704696,0.32495236
160,153,51,0.6401775892347774,79,0.8063793118201646,0.8389942402303038,24.559268485534975,1.0903637865603286,65.623554958816,-0.9992363794728377,0.025616953232206946,0.029503044675323397,0.9208391,0.38935792,0.02135112
174,155,54,0.8465808010119831,94,0.9667826459776659,0.9584514248019291,11.345640973970326,5.309323220742559,79.18856333599336,-0.9937984187154748,0.045877475028047524,-0.10129146184981729,-0.9771914,0.21232134,0.004084887
173,150,53,0.8742447885832402,75,0.9437017860703603,0.9286736377856271,18.040693785342,17.036687885295354,82.51747276593512,-0.9698371979827446,0.06597878726957124,-0.2346542329458716,-0.98637015,0.15032437,0.06690644
172,182,69,0.6736844729672142,96,0.9024986775058892,0.9139407546209988,18.427275152279105,18.112627344875015,84.3548877233495,-0.9222050474439331,0.08674298195053765,-0.3768467932081447,0.9894844,-0.12842071,0.066548295
167,182,69,0.8241134764302689,94,0.8843106904716413,0.9160670361873902,11.961674398005353,11.88279721693971,86.1908535343942,-0.8350312133685054,-0.06014783854466488,0.5469050285184136,-0.9296968,-0.07038275,0.36153853
177,163,63,0.659462861913786,67,0.866093835540851,0.8473960059815995,9.597354692854946,4.443536254001325,79.60483914959761,-0.9358355461975411,0.08183902027576878,-0.34280344985640454,0.8879744,-0.23286988,0.39657682
184,156,62,0.9763264179948785,97,0.786096308052976,0.7791246929599595,32.21201592973339,8.544909252003048,57.92252458614338,-0.990488146486069,0.04997944471804598,-0.12820018243461087,0.80056316,-0.56720704,0.19332565
164,171,67,0.6907803770290407,93,0.9630789194023814,0.965152655179991,11.057013270365728,7.670267355696458,81.13886620020257,-0.968746922344337,-0.009406117436862536,0.24787280085386384,-0.91952014,-0.15838036,0.3597199
167,156,54,0.7371032569168494,97,0.9145599528245855,0.9429101537169883,14.558606658144576,0.4818699676838472,75.41597657106655,-0.9972978220833344,0.019087204192407645,0.07094175571520074,-0.97083753,-0.23260938,0.058029722
174,155,58,0.613475809569426,96,0.9610164854353322,0.9635373474684388,17.705222925057825,15.286736716194772,79.06189112370062,-0.9404272403582241,0.080046862660632,-0.33043774810152204,0.97399473,-0.21905106,0.057887558
169,150,53,0.7216652187540208,65,0.9359589111828294,0.9309439112955258,11.102494653638189,6.174155309539093,80.14491326544209,-0.9811867484828948,-0.0004702972792236526,0.19306046571484786,-0.9855673,-0.15250286,0.0734845
164,175,70,0.6160948025070502,84,0.8359377026622465,0.8152547246927441,17.43619550317335,10.371185399348775,74.17567579032249,-0.9052449235033989,-0.03869437452014835,0.4231245370476877,-0.9367828,-0.26698384,0.22618069
174,173,68,0.9614569384223839,95,0.9050710188837555,0.9763562058200647,17.944126369305906,17.40156243184162,82.98321106679866,-0.8837906766069714,0.09817086573061129,-0.45746750820609533,0.97335243,-0.15924308,0.16500533
176,179,64,0.8385787230304028,88,0.33428177836200423,0.6756806274242976,71.78742236756632,9.841349560502728,16.42733747387242,-0.9213723348398505,0.0870249215365585,-0.3788135209087954,0.21461758,-0.9734639,0.07941937
170,154,55,0.6763924164620226,96,0.964881887618803,0.9662401309752525,4.545232770741481,4.202368346186678,87.82745033800303,-0.9989331261640537,0.03493192505298086,-0.030205464144814464,-0.99719983,0.059621092,0.04514229
189,186,62,0.7462711241580654,96,0.19127062415682594,0.17454128369095634,66.68955069046508,58.11472362309612,45.66602390488485,-0.9257809273191998,-0.030839204918299227,0.3768005016610378,0.59671307,0.65099907,0.46918428
169,154,60,0.7344224874530986,77,0.952016490947465,0.9527919547537745,7.936482584232188,4.284026402586422,82.54680341554355,-0.9739916334240307,-0.005910952863399544,0.22650686227184227,-0.9828181,-0.11622716,0.14338683
168,160,62,0.7031515102617323,71,0.9161867536727204,0.9240181175454707,10.202534993935416,3.0476587894445006,79.2309860540193,-0.9592985525835555,-0.015020324010529773,0.28199410787765483,-0.9601912,-0.17939208,0.21412939
169,156,55,0.9911123186085856,55,0.9701185169110025,0.9683327954398441,10.26362846015229,7.77482859734004,82.76117691106862,-0.9848752552919218,0.002735938393238214,0.17324331489203393,-0.9941597,-0.10372963,0.02977809
179,158,68,0.6150498874351075,96,0.14040575390269433,0.1847124799991635,83.04880342665682,38.41595606096685,7.616482795563735,-0.9871652113860733,0.05336482111455883,-0.15052256075585582,-0.09052305,0.9861104,0.13925454
169,155,53,0.9512673580475921,97,0.974447507452067,0.9805211219718494,8.75385880090948,1.872909507486718,81.74426763152918,-0.9995434373037405,0.030214265212705163,0.00012296617378054417,-0.992451,-0.1207791,0.021294868
181,157,63,0.6146081176278763,96,0.946754688389166,0.9546502720595516,22.035705564857356,14.237378493659579,69.95464790725649,-0.806196664035722,0.11501497730744438,-0.5803606584638913,0.863507,-0.3894026,0.32050183
172,166,65,0.7788577574926597,95,0.9698553750527178,0.9753371446034129,6.619836507455715,6.444010990290304,89.39688413660706,-0.989807759088809,0.05071963146422544,-0.13307185664791543,0.99959683,-0.016211871,0.023310345
173,154,52,0.8395927365602631,72,0.9603694135583567,0.9593702493652249,6.028504964492025,5.495096022445406,86.95135558217656,-0.9976022386366571,0.03909304735990341,-0.05710960615559086,-0.9962991,0.07518054,0.041664936
163,171,67,0.9101913204249901,93,0.9301249133979002,0.9471945386834274,7.60530719413863,0.437753279244819,80.50436201538243,-0.8837928673494299,-0.04597839777427859,0.4656137396602291,-0.8789643,-0.17658569,0.44298902
171,169,66,0.7452483657919197,62,0.9555818093343864,0.9463774896957421,12.766054230510235,12.7588775533839,88.52209217952742,-0.9880111511222707,0.05255335386754187,-0.14516235825901574,-0.99601877,0.045061555,0.07691623
178,151,53,0.628208335191542,79,0.8969882747136413,0.8673987697738513,26.528881044723533,3.6463293963419825,62.68584883534147,-0.9863443829441371,0.05412481195071489,-0.15554826571148062,0.87266517,-0.48582596,0.04928187
159,154,55,0.6811718880209726,57,0.8583386837443613,0.834897318017954,47.22165138744306,11.090836484700084,44.73690030978133,-0.9894824905343471,0.051063962554080064,-0.1353398413410528,0.6827548,0.67445236,0.2809983
170,189,67,0.712244563248191,94,0.5747726737655969,0.7366203857653932,5.663946200050641,3.129525102170544,84.78563822315374,-0.9856957679314399,0.003501783617382099,0.16849804329293014,-0.97312605,-0.08285654,0.21484987
169,176,68,0.980171498147343,96,0.9072407821269912,0.8678537341576358,9.466184356368904,9.407112821927145,88.71885560997161,-0.993824334694688,0.012848653825518074,0.11021843703996549,0.9984846,-0.006655854,0.054627735
164,164,65,0.9679466351180384,95,0.957780473109237,0.953121176923715,6.530169463961583,0.9169887619838372,82.12126225282503,-0.9312254530895143,-0.02856971835946242,0.36332207022294916,-0.91963196,-0.14185145,0.36627218
175,154,59,0.7207584999863157,68,0.9100336160543047,0.9611457742299224,19.669768069497703,17.74896354959937,79.05245047535253,-0.9059684129093861,0.09193541051740656,-0.41324219908359344,0.9693589,-0.22254427,0.10400685
168,164,62,0.6867208827124501,67,0.97245921811531,0.9587041258476187,6.54052480202685,5.2005815677813585,85.29865462982325,-0.9758227312746748,-0.004607534238666805,0.21851491426416095,-0.95063406,-0.08080668,0.29960835
185,165,67,0.6205764191751603,62,0.9688554103228236,0.9641937494856713,10.847553884337145,5.905042501110247,80.64615099669338,-0.999517660799952,0.028202056137550734,0.013003452564863146,0.9781497,-0.19325581,0.07665135
168,187,69,0.6651110407237221,84,0.7155577113344083,0.9339389696060219,3.9271281540847562,3.8966742205577165,89.9282826631383,-0.9830247828304337,0.0010830140947326037,0.1834696253379539,-0.96816134,0.0042787846,0.25029066
172,186,61,0.6497206583406617,95,0.3377322060385604,0.4329717806373502,85.09583603085915,78.21154435288865,19.109449533008913,-0.9819738223741049,0.05780494775316759,-0.17996110742947635,-0.016748857,-0.96653825,0.2559752
183,154,60,0.9866952598579064,97,0.4123690383390383,0.41246709949956994,32.19529058916904,13.59698524956645,57.938463353086775,-0.8683551147282937,0.10205485155113383,-0.4853289626635609,0.8016357,-0.5667611,0.19016339
164,173,69,0.8903119857260315,93,0.920775578999785,0.8992528601942638,15.020373491324177,4.839139560720161,74.28554762624107,-0.9262077170340103,-0.030664513745072168,0.3757644907431049,-0.8642343,-0.2812223,0.41714874
173,171,63,0.6555145374535557,95,0.9013306563187058,0.9035160926569827,77.06372859009248,32.012405522255214,16.293345304454288,-0.9702977871742484,-0.008405806230406073,0.24176754667732803,-0.17086329,0.94667846,0.27314028
179,166,65,0.651848257596294,83,0.4936048953980277,0.2943766541721449,17.0898082013109,12.240617052040163,76.89619194953593,-0.9847917578129362,0.05549711988480496,-0.16463676208003758,0.8975316,-0.2756178,0.34419748
166,195,45,0.754693137159193,96,0.8661488874382073,0.8429245713351042,13.181251970878577,7.053299618220503,77.10320717489448,-0.9480444698211773,0.07688390714548003,-0.30870786848334125,0.95023996,-0.26045394,0.17090306
161,153,51,0.9879238311760237,90,0.9173723001674838,0.878731052891871,23.682047989222568,11.667388813221558,68.58324287592232,-0.9793630522626114,-0.0019370236187375434,0.2020996284072829,0.93977344,0.34080917,0.025982497
173,152,57,0.7617437491765731,96,0.9588788957351245,0.9492185814204971,9.847071676316776,6.180763024040448,81.10691039858287,-0.9786846232059756,0.060261443066364495,-0.1963287212298215,0.97946936,-0.18549517,0.07893864
185,152,49,0.6122092572044984,84,0.6553027454340528,0.7582585162974504,27.002060227924414,6.577352692985487,64.72426642292089,-0.9630017933036733,-0.012908132277599457,0.2691856723806329,-0.8820622,0.4372775,0.17537025
188,189,62,0.8585511671328753,79,0.43673614554569984,0.3661569520428706,52.713509717995315,22.89243459592909,42.912605542624945,-0.9523890022131939,0.07495709018681701,-0.2955277027523522,0.5368288,0.6843427,0.49344712
163,183,69,0.8743798888076546,67,0.9507961190824064,0.9603971157746395,12.185619375149447,11.961879123351178,86.30935638720919,-0.9399217487912761,-0.024741550583637473,0.34049223460141775,-0.84828866,-0.08242462,0.5230799
163,175,68,0.7390476752586878,95,0.9234139392280973,0.9053267689017082,4.5932525787596905,3.562984626497984,85.11665309853267,-0.8754503809011771,-0.04861116327891429,0.4808571361482067,-0.9022978,-0.0942417,0.42068663
169,152,52,0.8672647006795826,79,0.9639867850019275,0.9708368880259611,9.044787644366309,7.781245920878955,84.54355171444544,-0.971006914477888,-0.007939604383579157,0.23891951514759896,-0.9920101,-0.07795902,0.09918867
183,184,31,0.8490729994204307,94,0.9117294230003976,0.9066240054543157,37.35630984983075,0.40120131427783734,51.68456146264415,-0.9882834660504793,0.052285535912950265,-0.1433946075190658,0.7611662,-0.64559746,0.06188616
172,149,54,0.8609831074313753,94,0.9466843391275109,0.948796795345241,5.813317514960461,5.40492062631046,87.4224256179959,-0.9989791763789889,0.03472777063216985,-0.028889221313082605,-0.99557763,0.06496765,0.0678562
180,171,68,0.6564782392862104,95,0.41993504818509614,0.6838844231943881,18.670445705892448,16.763689369941876,80.58794043772177,-0.9862075633993276,0.0542490498325999,-0.15637033761625452,0.882556,-0.2173044,0.41698158
161,163,60,0.7304593994926306,92,0.9460303861533258,0.9570617258888053,63.574268442893825,32.96740161387503,32.05050504231691,-0.997912254875143,0.02062678085447188,0.06120185848149897,0.48262307,0.81395906,0.32333532
178,155,51,0.6606881423939416,96,0.7060111101682716,0.7662478094195265,24.185811694278847,21.206022086625335,76.10192098027822,-0.9389274689851497,0.08064100078308914,-0.3345328638233362,-0.9641603,0.2619145,0.042375688
160,170,68,0.8120304849371387,95,0.8879549241083912,0.9030410951066465,10.272203894473009,6.339103319807445,79.95518328657847,-0.8806718279627195,-0.04697515051810652,0.47139205197648737,-0.9173914,-0.17857282,0.35567507
177,150,53,0.8651280552350445,94,0.8801899601622996,0.8694813229879824,21.686093086846174,10.91722192490467,69.7565637268707,-0.970745766098654,0.06543880435144904,-0.2310203897637397,0.92826575,-0.37155405,0.01644093
175,153,54,0.6776166867253117,90,0.9518640895231912,0.9433261782435074,17.804607980993534,8.139632421933843,72.87935727798722,-0.978038853220652,0.060718733373025705,-0.19938213813781647,0.9461599,-0.32168403,0.0360685
162,157,60,0.8272385178110927,95,0.9495755856545082,0.9484518078581333,19.421975321235358,9.884851828241235,70.76484526906027,-0.8214897146069798,-0.06364248618589975,0.5666606416074974,-0.8644473,-0.33672372,0.37329343
169,184,63,0.9114727324467045,94,0.3071574446771985,0.9881638391137563,78.164179170525,14.913437143589462,8.563304925358265,-0.5852367046846777,-0.10779933958474656,0.8036649189027177,-0.07775985,-0.99484134,0.06514759
174,181,67,0.8636652014971076,94,0.7663180956781335,0.7985712054916909,7.001126172888411,5.842561709475151,84.45803519953726,-0.9518686267093156,0.07519310732868668,-0.2971398897771525,0.9106105,-0.14849958,0.38566363
167,149,53,0.6520177531336324,61,0.9138051544372381,0.9370775729620192,15.211868184980144,8.117537428339741,76.15825434883318,-0.965460175529358,-0.011446045163654163,0.2602991308416778,-0.96943563,-0.22330585,0.10163192
170,179,68,0.6630011391022592,54,0.9299005393688775,0.9495778913059452,13.916532218128447,11.88408284202616,83.15773713077269,-0.9988932220247267,0.0351027357797018,-0.03130701093749426,-0.9806281,-0.10720531,0.16393806
177,162,64,0.7232835126719798,95,0.9824964696295533,0.9827202481122246,9.163061201856967,7.134322550896257,81.72142262202085,-0.872218747286606,0.10111318717359238,-0.4785504991757735,0.91433895,-0.19389778,0.35551095
168,163,61,0.8300278207002525,72,0.9784811082981035,0.9922075007372202,7.137322962473934,4.5807220618186895,83.81737418803611,-0.9770026166243122,-0.003741006642592192,0.21319449331196993,-0.9537771,-0.10519061,0.2815035
183,172,71,0.8073879781490801,88,0.9286914903092154,0.9411353899451611,15.525214797845244,10.670645002704749,77.22677878608725,-0.9685839072953562,0.06670896556265926,-0.23957280405342526,0.9676641,-0.24901402,0.04022739
166,165,63,0.9345903790523811,81,0.9377579722562491,0.940850364831677,8.050066652616188,6.262350213445228,83.56752202155073,-0.9360220370946146,-0.02649149642577914,0.3509429393653204,-0.96519834,-0.10607857,0.23903881
167,171,66,0.6730748239779545,92,0.8355883749403578,0.8130287894777793,9.758376698095665,9.293562520776737,86.9399999817417,-0.9967289047823945,0.01783906302531275,0.07882422344474506,-0.9710886,-0.04672958,0.23410109
164,174,69,0.6268169799565166,79,0.8613249767258165,0.912788522053719,8.465431942513678,2.8695091254589875,80.13311540115214,-0.8845093547786507,-0.0457475188681345,0.46427402019331737,-0.8512662,-0.18721484,0.49020043
168,150,55,0.7444014247383559,95,0.9225909077960501,0.9502208910602549,14.909654865048102,11.305502461316316,79.1190934707841,-0.9563008291854942,-0.016659405020593432,0.2919095550397352,-0.981581,-0.17112496,0.08494137
167,162,64,0.9234864108072522,70,0.8878625476619448,0.8469374366950606,4.805348489902378,0.06248342193168151,84.07271647089772,-0.9530396774051947,-0.018378639645197318,0.3022872787534974,-0.9505455,-0.101719424,0.293456
190,185,62,0.6626846734373028,64,0.1010079088374824,0.17867161357044883,45.58925028981572,7.207384632172784,48.699411216285924,-0.6098820970351102,0.14025025163014493,-0.7799831374034555,0.5477184,0.6051616,0.57774043
180,179,30,0.8376559651807532,66,0.7375001985080156,0.8973672407771935,66.83183283804695,56.91593916634597,45.90204949330031,-0.995918987395986,0.016260677800819325,0.08877477626900442,0.46029085,0.6405814,0.6146444
174,175,63,0.7225487783000518,86,0.7131236564560826,0.7196292471863404,78.1688479428847,15.101200799350918,12.645854744316324,-0.9896567122196914,0.007563356461152998,0.14325637018140736,-0.192906,0.98010045,0.046801854
181,151,52,0.6752067625080751,59,0.908466565675198,0.9228183291317112,28.94017961991063,1.240155589433748,60.573863877029794,-0.9982509618972597,0.0373504993551245,-0.04582529071504787,0.85631365,-0.5159591,0.022654561
179,154,51,0.7570420811625924,64,0.6758854721132403,0.5718664478889615,16.801538771724218,0.4217876776984008,73.02156099248822,-0.9993451881714593,0.026356241564019233,0.02478998606634774,-0.9483941,0.31275806,0.05225932
166,153,61,0.8601209432809598,91,0.925486819331045,0.9507971465701731,13.837566128855958,0.878948619932077,75.21423716024147,-0.9624013554812423,-0.013257671276087901,0.27130769454662185,-0.9324911,-0.25198957,0.2587695
176,167,66,0.8807763072753204,96,0.9474405924173744,0.9431003006434816,10.474553897957922,9.831865512345766,84.00460418714563,-0.8933313921544044,0.09559331286459445,-0.4391138147759027,0.9500989,-0.14904368,0.2740406
156,183,48,0.6178375008756953,91,0.8532792874641894,0.8687629996233113,32.88833256548626,7.610568315703155,62.04353707664283,-0.40015246972603863,-0.12957241593073346,0.9072425199482357,-0.44518262,0.42238906,0.7895568
171,169,64,0.6399187413617127,94,0.9349419868864794,0.945363003890821,16.103241593662897,15.946882048670183,86.47167144493395,-0.9794520530164582,0.0597079993331634,-0.19263600561026054,-0.9930306,0.08013797,0.08641833
182,172,69,0.7159386809751003,95,0.8688834208777423,0.8523082087613334,7.559034085137677,2.2714696340811704,81.68133661495794,-0.9829243837801095,0.05705002262627693,-0.17494270687523175,0.96185726,-0.18431833,0.20213206
162,160,66,0.7392498214169422,96,0.9041174138106474,0.9554329436267625,17.325331790335905,8.536124740245247,72.65298021321682,-0.8496703955339585,-0.05617708344780026,0.5243132215083514,-0.734464,-0.32521272,0.5956503
173,196,48,0.6702278145269672,95,0.9437169202384361,0.9546451251231256,12.606165877192023,1.900745326833611,77.52526597341087,-0.9976182997847123,0.019859964727568218,0.0660553535731933,-0.9768327,-0.19824496,0.08060291
174,149,51,0.865153522355079,69,0.9118049726801458,0.8990487241014774,7.251157463136491,4.128506260364993,83.52066860995346,-0.9982343392821329,0.037400054866539564,-0.0461458532692124,-0.99021834,0.13550171,0.033271097
165,159,59,0.9159326788417258,77,0.8881042741870897,0.8691660807191716,19.104737365530074,2.373859416135114,69.31669309043822,-0.903167526070412,-0.0394362791923753,0.42747303977597556,-0.8693615,-0.3579919,0.3406645
183,154,54,0.7887739409580357,57,0.7124000424774501,0.6966603549628044,35.99529219641257,0.7534280651209243,55.16140286199453,-0.9511684820124839,-0.019337628837752033,0.3080658613624696,-0.76277375,0.56919914,0.30690157
176,154,52,0.8524571854840818,58,0.9646284742849741,0.9588269106294918,16.40189206601334,0.11503818113954642,73.30207347206212,-0.9995438171868144,0.030201240053355317,0.00020645302572112716,-0.9503625,0.31028214,0.023154927
161,154,57,0.7166388158623049,96,0.8191309134422459,0.8389332734446098,24.8686848542667,7.083125569880795,65.50913143374238,-0.9820156806845752,0.0002202145252602761,0.1887992436297701,-0.87588465,-0.41260132,0.2501726
170,157,55,0.962153071464317,86,0.974466566811215,0.9667758765082234,3.551849469580739,0.28015025344728517,86.52121584630933,-0.9984725636738506,0.02230775255259186,0.050546055895793904,-0.99840075,-0.038932286,0.04098998
170,155,61,0.6543966771981202,62,0.9580754543479473,0.9534218797835647,5.591477667973328,4.790512316437262,86.55053591954034,-0.9830537895295492,0.0011081969108276135,0.18331398962217743,-0.9943787,-0.042698715,0.09689106
159,157,62,0.9507308478976025,76,0.7845439969294885,0.8631950969875585,21.13365760807982,5.763980160234741,67.78359019361483,-0.8907556864958988,-0.043700660741511084,0.4523765679453077,-0.87183553,-0.38050076,0.3084185
169,158,61,0.6993330683867289,78,0.9040264198499376,0.8811581263549515,10.007043040677381,9.163333011768309,85.12102743276694,-0.9707547177394239,-0.008106060557862229,0.23993659530985226,-0.9948152,-0.06617802,0.07722222
161,168,67,0.979115634567998,64,0.9662709104668334,0.9621380637026505,10.479291561799341,7.052898128373234,79.71435773181592,-0.8068433153921629,-0.06725005220843006,0.5869252890146635,-0.86337316,-0.19235568,0.46646127
168,169,66,0.9852130218375913,91,0.9285557934870239,0.9158487663940239,4.248570617913639,2.9206479020713094,86.23978331243505,-0.978304305296055,-0.002758455725702269,0.20715471793133858,-0.9868534,-0.052499514,0.15285322
163,166,67,0.6866047535153283,95,0.9463851026402763,0.9504357204952715,13.851361401227827,5.705332002413187,76.11717389187422,-0.9452298498981979,-0.022262493905347732,0.32564537802116067,-0.8872565,-0.24755634,0.38921943
167,178,67,0.8200183583460949,88,0.9147886213876061,0.9671962602552435,8.489181346390152,7.934555605721983,86.37795071698812,-0.9819513138786218,0.0001660246370376595,0.18913378758928384,-0.94600743,-0.06344225,0.31787577
174,166,65,0.7258862851810735,96,0.9771006433768642,0.9800780232984406,14.227550809171522,14.025913860918108,85.32648853048464,-0.9114580056688629,0.09024782619008943,-0.4013721885857347,0.9791719,-0.11856608,0.16481687
161,164,65,0.9155404776997541,94,0.9712682751641316,0.9700537414123608,13.713507247126431,5.293207290657867,74.9558650566593,-0.8255557588443191,-0.06261001078278018,0.5608365854585101,-0.85029435,-0.27272162,0.45013604
173,169,64,0.9604869836390384,95,0.6134446763371921,0.7961390931940364,10.920192125487677,9.000729957367229,82.31413440124481,-0.9655986019928152,0.06838505177625864,-0.2508840858306469,0.98230696,-0.16532752,0.08797631
193,173,35,0.6480626404905959,95,0.3382366382561798,0.5007219467846469,28.877270070739332,14.14218905328092,68.18938702020402,-0.6856036583489452,0.1325195301421698,-0.7158115658393913,0.4646488,0.2987559,0.8335745
176,177,67,0.7078511975426034,95,0.726024260619836,0.8242200393023069,13.459637614131552,13.220186719743312,86.38002071327489,-0.9858645151404543,0.054557628384719226,-0.15841282451844638,0.91985977,-0.11440852,0.37519166
178,170,67,0.7624906660875017,93,0.8072103266991012,0.8667405597901947,12.886512736552243,9.137414693124896,79.36510012436804,-0.9636298559893701,0.06944603467840627,-0.25805958403700396,0.89042324,-0.23648217,0.38887358
170,157,57,0.8554411683360289,96,0.977860946623261,0.9737112778878931,3.350568883093089,1.5288154467949626,87.17867586159521,-0.9992382566227108,0.025628523804626865,0.02942932668616915,-0.9982432,-0.028271338,0.052069396
167,163,63,0.6964760080379824,94,0.9901021108607589,0.9887869756293285,5.79886957421099,2.727833849500019,83.84401214055664,-0.9587121917367692,-0.015345651147721186,0.2839638082681183,-0.9410369,-0.107968986,0.3206124
166,178,67,0.9004150366342446,96,0.9560799669520961,0.9476064554980979,4.936272650446421,3.379851136938582,85.4372052009783,-0.9632726592293928,-0.012749507061070028,0.2682223593417112,-0.94448125,-0.07996882,0.31868517
184,185,41,0.717369466522395,77,0.37515170663260583,0.5383069922873818,80.96242229468207,80.8682635056191,86.65591714995662,-0.9746126116886532,0.06302949268812884,-0.21484305943851104,-0.059791066,-0.014589192,0.99810433
182,165,68,0.7761941835483306,60,0.9697756765359172,0.962790246151747,10.00274658742311,5.249063568077584,80.67719146499637,-0.9931777634569035,0.04672510439997137,-0.10683957503451157,0.98226875,-0.18742563,0.0044409083
159,168,69,0.7646662965541866,94,0.9313518919638063,0.9211614446726066,12.969424023402011,8.111947077866297,78.31220647174766,-0.9223141255168944,-0.032239170984274645,0.3850938713174401,-0.95228213,-0.19680028,0.23329905
191,178,49,0.729733871945196,74,0.44852181686667386,0.590094659412311,10.343725584353583,6.32605131017675,86.30899482356593,-0.27604375826028216,0.1564414539231236,-0.9483279575231125,0.3837536,-0.014043833,0.92332876
162,176,69,0.6639544349667825,95,0.9042739895752954,0.8975420035249576,9.534966219130734,2.054681601334147,78.59173216169833,-0.8613839090647057,-0.052837868392795126,0.5051988923860704,-0.83057886,-0.21598141,0.51331353
159,153,51,0.6966980268235379,70,0.5674521079093015,0.47901980599833266,26.374888056492754,2.3675644049534132,63.86358957931674,-0.9991134828043912,0.02492217417223927,0.033928361484282,0.90842456,0.4161772,0.03951354
170,165,65,0.8617213922384134,96,0.9601669139493814,0.9520193622464213,4.301336614616245,1.9564982102053197,86.11017106948047,-0.9969156122066598,0.01823367270194633,0.07633344822827746,-0.993162,-0.05102922,0.10500187
160,164,66,0.8810607456445755,96,0.9666190353194862,0.9730595042388994,12.260688596732217,4.819724695800895,76.36594567414694,-0.8292637829935514,-0.06165603296954249,0.5554458675817858,-0.854239,-0.24916494,0.45628124
166,175,69,0.8576665121320046,55,0.9343846964710246,0.9277487186748076,10.11573546930258,8.1123264288461,83.24327940602659,-0.9777022086046171,-0.00321654456479764,0.20997153409621144,-0.9345392,-0.119667724,0.33513603
166,161,60,0.6033246213972262,55,0.9245534657606523,0.9262012531761776,12.571974517371572,8.017475133271406,78.694666014476,-0.9173519805134421,-0.03418705964087354,0.396606339839868,-0.94976753,-0.19137247,0.24762529
170,166,63,0.600210762850356,87,0.9640339589214488,0.9646263086284914,4.201689820219807,0.15771477801553557,85.92124564390228,-0.9958553835239308,0.016144488605362894,0.08950648353094935,-0.99174565,0.08930329,0.09200803
166,159,60,0.8830253010151867,96,0.8916673426217554,0.917592053022177,13.684019126341406,7.589838720045357,76.79638289159257,-0.8984697316701907,-0.04108314347367553,0.43710904428393715,-0.9288796,-0.22769673,0.29212487
162,151,50,0.885042637929661,96,0.94092324945407,0.9333650171536445,9.567279308623993,2.9694503328089406,81.33211397199062,-0.998987481978524,0.0346900846430929,-0.02864627161889037,0.9886314,0.11961058,0.0911112
170,181,66,0.6039587413124664,60,0.901726026973059,0.8817606829939992,1.1160782109371923,0.7615288871681238,89.35082124620585,-0.9949268951259488,0.01454910107706256,0.09954294054772907,-0.9931195,0.027727738,0.11377595
171,178,68,0.6725971223502811,94,0.9349703723037868,0.9621043716643137,4.8370336436181365,1.3400695567768084,85.00185725933552,-0.9994241262564655,0.031994857785955774,-0.011302430347374694,-0.9936653,0.110927306,0.018012978
170,150,50,0.933816244449979,77,0.9396926661135215,0.9401288295661455,9.345617466584436,3.4263169418262653,81.08050829485836,-0.993775133279856,0.012776725940934264,0.11066950686090019,-0.9902437,-0.13367438,0.039352495
159,155,55,0.8310382403187165,97,0.8032310066807556,0.8426000521611968,44.378432432222574,13.982751636838186,47.884422522760495,-0.9989758448833693,0.03474281112166504,-0.028986176272889585,0.73032784,0.6357443,0.24990076
182,164,61,0.7294905230278657,94,0.7190637274776748,0.6387992904625267,63.63877256492738,39.58466336558493,32.953534072151406,-0.9488611660109307,0.07652905053385269,-0.3062773123506933,-0.48518306,0.83429414,0.26182207
175,190,68,0.8399301213718628,96,0.31339008548621594,0.39441873546351297,31.727827103219763,31.16573629231827,79.15087696159188,-0.6675510467608131,0.13454926919904464,-0.7323060112593271,0.9356305,-0.23211017,0.26593313
186,183,50,0.6081082350687214,65,0.8821893090602432,0.9616409814045577,7.759477178118217,1.205588714854583,86.56692276424548,-0.4493441957109087,0.15108958818312224,-0.8804894832555192,0.43428048,-0.018116778,0.90059555
175,174,66,0.6372260941313169,64,0.7450886094645958,0.6409014582909544,20.59232560306355,19.201215076636522,82.39586643775543,-0.9979854949965671,0.02082822312384745,0.05992609530046259,0.9498526,-0.17584698,0.25856897
172,187,70,0.661698671030965,96,0.9055039467015601,0.9441145997370464,12.037404622416446,9.969817803293687,82.25415588853768,-0.9886661045513312,0.051903423846077365,-0.14087358980430148,0.9372646,-0.18093678,0.29798815
180,160,64,0.9554930987841346,63,0.9560881642648901,0.950876929967438,19.444256299045865,13.221879129111969,72.83196905355148,-0.844114881462766,0.1075578214464751,-0.5252631549412055,0.8960305,-0.33987778,0.28567895
154,184,43,0.6763398186511468,61,0.8283299451879674,0.9478357219224257,23.910457281794333,22.509863785996913,86.20877816395975,-0.28763616905212175,-0.1392716484442854,0.9475594135423017,0.10335163,-0.010598202,0.99458843
166,169,66,0.6231533680828291,95,0.9568684686853891,0.9779128360889598,4.384775104238695,2.0799580002398126,85.13878202115056,-0.9609453248778813,-0.014093682189742388,0.2763791792405457,-0.94868165,-0.084037445,0.304862
160,180,70,0.8128028009971875,95,0.9618289493339632,0.9584904018505036,12.949437898315496,11.133390031939372,80.86197631175811,-0.8174565550645126,-0.06465296798335796,0.5723502199816143,-0.9053354,-0.16585924,0.39097133
187,187,61,0.801168064505523,56,0.43959736803140936,0.3997797010194967,71.35961899816438,60.21400128105508,38.4863191122243,-0.9737228297214193,-0.00609833158203138,0.22765469736253513,0.44332212,0.7358258,0.5118848
175,179,67,0.8883257343772385,56,0.5062881919986211,0.5241400518916614,12.497724768397271,11.692852050485556,82.96182605139656,-0.8689945082262313,0.10190035321449517,-0.4842157191659642,0.9420813,-0.1681863,0.29016593
173,196,45,0.803309732667693,96,0.7842677176114261,0.9116489750587178,16.39281370568661,5.079051562456977,74.88197244162562,-0.9984977976099778,0.036573057272257396,-0.04079901530409762,-0.97061336,-0.23924877,0.025879651
179,180,73,0.6968788446812699,95,0.9442113775424332,0.9267767373113039,20.281328169041796,4.266234618632653,68.62902639548857,-0.9615637693986684,0.0705251641456392,-0.26537015393984165,0.8661023,-0.408729,0.28776294
165,157,63,0.8196298566859419,96,0.9280422112635097,0.9575620499828599,15.220707541517472,4.987399038403523,73.62462417637329,-0.8763737591827,-0.04832463311558133,0.47920117283895225,-0.88452286,-0.2880803,0.3669183
169,150,50,0.6391025786610642,68,0.9334507329994803,0.9293091986322298,11.936957098197079,9.853887409309547,82.41951909657693,-0.9723519789075465,-0.007039169722089817,0.2334139653152782,-0.99224734,-0.111574665,0.054738432
173,161,61,0.6541938678955631,96,0.9671629155626107,0.9640669980200655,20.066531917855063,19.92461825836903,85.37037846780375,-0.9274821453601307,0.08491163477610525,-0.3640973555490602,0.9939375,-0.107555725,0.022803854
178,171,67,0.6352203491049155,66,0.44112134575964934,0.7359465559634091,21.373485625389574,19.61538908977355,80.37392054283468,-0.9901239882479683,0.05037907390950527,-0.1308298009169076,0.87142247,-0.22223969,0.43730134
184,158,57,0.711310878825367,78,0.3305255010732117,0.3570744739024114,50.628496420132095,24.346008223449594,43.58681672021178,-0.9984386689047544,0.03676701143793239,-0.04205248275221292,-0.6219333,0.71895546,0.3103258
174,184,67,0.8823962749880292,96,0.5874773174380499,0.3843134137815051,13.270311114075739,9.363947061044401,78.98700247348181,-0.9601044267658324,0.07126771768784797,-0.27040784404343315,0.88216853,-0.24382553,0.40289935
167,152,50,0.6024932652263286,96,0.9383377325145694,0.9221586657830045,11.32340933485187,10.05607670256339,83.40433405529026,-0.937335134702286,-0.02590858371844074,0.3474645169543962,-0.97980845,-0.10347213,0.17108169
169,165,63,0.6356682074321433,55,0.9670393275120714,0.96898413491054,8.277508825479352,7.612681918814726,86.76280003359805,-0.9974509311017249,0.019449093926937906,0.0686540078198156,-0.9768022,0.06587334,0.2037604
169,182,63,0.7616410979912918,83,0.9451906979059241,0.9622455570200613,85.90001038137086,72.64071496447983,10.515087686624785,-0.9612820273643226,-0.013901782727617051,0.27521555970426514,-0.028890502,-0.9936564,0.1086848
165,153,52,0.604697551872257,96,0.8851277097629923,0.8632926652492741,16.027093098886294,6.096466012613767,74.68332852126747,-0.9866537964256731,0.004424953785719304,0.1627719440898853,-0.96924555,-0.24341302,0.03623804
181,151,49,0.8106937937427382,90,0.9552218520105359,0.9525001113228435,9.817108896668746,4.170240511560348,80.59884649489638,-0.998312566116628,0.03716399242588057,-0.04461903182054093,-0.98186356,0.18551524,0.03909064
180,166,65,0.6936734404005618,73,0.43730200870180896,0.4192212191813868,42.38474635211208,40.901527678556334,79.18257025951277,-0.9539613496391341,-0.017899103139575104,0.2993949991257046,0.89616203,-0.23865989,0.37407893
165,169,65,0.9865372553199775,94,0.8828189126348909,0.8949493211580698,4.77003144774987,1.1864177256709871,84.07814916610401,-0.9401476165514545,-0.024638420210485845,0.33987557626600784,-0.9442004,-0.10322779,0.3127773
175,165,62,0.7338468106662255,57,0.9285543046815768,0.956811325852893,25.782761649663282,19.01634219527455,72.81256484517525,-0.9843345632060563,0.002242804657601572,0.1762964477952134,0.9361705,-0.3290948,0.123618014
162,162,59,0.6361515212677107,94,0.36522278547134307,0.5994712450086999,65.37325452151939,43.52490294844476,35.35287657789912,-0.999412620527629,0.026917302779614925,0.021210203704064755,0.4473134,0.7733558,0.4492568
174,155,56,0.6429135244496235,91,0.9467631132396839,0.9440219492802653,14.818467259410026,11.200587920708957,78.91771449548634,-0.9746224912526937,0.06302308472669851,-0.21480011716925201,0.9759355,-0.21789107,0.008566712
176,151,53,0.6378019872286855,60,0.8739806101164476,0.8729256129257738,15.751641526763228,8.312530124339636,75.36747107045386,-0.9792587513877654,0.059848453942795865,-0.19357288134222717,0.9595611,-0.27976254,0.03123108
171,156,59,0.7241920041625868,88,0.960895542297451,0.9558890286893583,4.082711927192324,4.077454101480903,89.26475852609697,-0.9981009643704488,0.03778675582778055,-0.048647980500651083,-0.99908966,0.036200732,0.02256926
185,193,57,0.6656258951805711,94,0.4888288741676874,0.3893847148444165,66.86530609557892,44.49975618945989,32.14874963382684,-0.9663785052941595,-0.01088637608214249,0.2568931126387477,0.48363563,0.8129416,0.32438025
181,153,52,0.8821460103412773,96,0.866817146526758,0.7808009038417986,30.930026125517664,16.128395851413543,64.01733699552251,-0.9750204677168608,-0.0051845508090361805,0.22205451575255672,0.8862109,-0.46295273,0.01746381
180,168,68,0.6281226031572568,88,0.9637004616906856,0.9611835736511094,13.206406671504986,9.012712117482195,77.80055347089571,-0.8744971416310205,0.10054866545868132,-0.4744941676708505,0.91438687,-0.25817287,0.31183887
186,193,56,0.6808134862777655,70,0.3876173762821286,0.4375413862150216,63.37330575772357,50.21555719923741,44.116502985147896,-0.99379963225545,0.012812504789169956,0.11044514769766886,0.5189553,0.6672231,0.5343209
174,162,63,0.7827822760396841,55,0.9539797347087721,0.9447852324519098,22.883099134712435,18.87962399101922,74.25537052326203,-0.8816670933260166,0.09872521627223374,-0.46142872495982945,0.9435101,-0.30541897,0.12848306
178,152,52,0.832904236337289,96,0.897533926265408,0.8410392551992864,24.189104234507727,3.43476074407669,66.00619207767829,-0.9981852759821674,0.02140275873749564,0.05628567074157345,-0.9031414,0.42848778,0.027090482
168,152,51,0.7673389630549516,80,0.9514488314525815,0.9493377333413106,8.916886377352206,8.138421269944152,85.20036140046473,-0.952624390144891,-0.01859313792985218,0.30358041195537666,-0.9844065,-0.071302116,0.16081038
174,196,45,0.9907674292154377,96,0.8202650091409149,0.9340486703031475,15.769348960643352,1.4986170586337118,74.57685477692944,-0.9995537316423372,0.029533867871729996,0.004481987105498212,-0.9699367,-0.24317957,0.009297733
173,196,46,0.8393947926790771,60,0.9284656725601048,0.9232984326948868,14.890204177858104,5.588829753395481,76.8776587300242,-0.995303075532019,0.04360261877956917,-0.08643262967229395,0.9792201,0.202667,0.007359135
174,150,53,0.8121767738500882,85,0.9421126652708447,0.9376358232477944,17.07363363540592,13.706856136213332,78.38335730520159,-0.9743289421208159,0.06321287798610124,-0.21607231336394317,-0.97404104,0.22386456,0.033596523
165,170,63,0.7147448297245904,95,0.05817892448427914,0.9161016599212858,77.2794351891377,56.439513300689356,21.935826017828397,0.9697229009557103,0.008779628708986909,-0.24405002249902347,0.2993104,0.89911467,0.3193841
171,157,62,0.7574618412920634,91,0.959716306782062,0.957194480716856,10.328202816482266,9.667495033328143,87.26367200259125,-0.9900328995679132,0.05047777204947024,-0.13147947483190037,-0.9991825,-0.025230652,0.031587258
177,166,70,0.6812008429540134,65,0.5144357359674077,0.7748774513744247,89.59490455747378,71.15618770076493,11.86505882540353,-0.417015819964386,0.15253517750791026,-0.8960082731325985,-0.12419619,0.9687234,0.21482612
182,171,27,0.6516151981655277,94,0.29444288607960833,0.2112069606949263,62.0479122532866,34.547867146853655,37.3477328797763,-0.9047426661118579,0.09230360972723717,-0.41583741023160625,0.3276394,0.74588686,0.5799184
176,158,59,0.6237124890914485,55,0.9165696264528203,0.9248013822759039,22.831384874923074,18.099918377468466,73.09985343479441,-0.85937576269376,0.10417131052886827,-0.5006212506049025,0.92695177,-0.32837844,0.18146104
176,196,48,0.6385876139400437,96,0.9330930421033081,0.9408493198105478,22.34880861771939,5.455974098249168,67.90051126625875,-0.9890319463886365,0.006875265469386797,0.14754165427915844,-0.93438554,-0.3556052,0.021647228
157,183,34,0.6144498487982049,54,0.4387682944519254,0.34894790376692775,70.81383477859966,67.31753821604707,58.923572471055316,-0.9946096046666798,0.014040947379769977,0.1027355152878967,-0.2354815,0.45967767,0.8562972
160,153,50,0.6718255753805508,70,0.9085596529136403,0.8614380798295582,23.694809080257915,17.60306289182118,72.85041386736445,-0.9621980787637968,-0.013375363698422679,0.27202197865097794,0.9621284,0.26794317,0.05015378
182,196,47,0.7043305238771453,96,0.7934412577774308,0.7540762885295899,8.469497934044696,6.874185397171876,84.79047341626774,-0.9930742777585374,0.011783218780869839,0.11689582802444881,-0.9702458,-0.08376523,0.22717072
169,152,53,0.7245222063663852,95,0.9142376391123691,0.8535692671871059,6.159638993281977,3.996263759272367,84.80298811148526,-0.9851782815445616,0.003016247114607601,0.17150701392726891,-0.9926749,-0.07319082,0.096123286
173,149,56,0.766291081552795,87,0.9653565229507982,0.9697603632277721,13.310912402981328,11.041285797719182,80.89050854849036,-0.9569189480252526,0.07283655154198386,-0.2810711007373687,0.9784723,-0.18943325,0.08189636
170,158,60,0.8395049737537406,63,0.9398483302701653,0.9254193989722116,5.299450582120425,4.483028594869724,87.03624097323443,-0.9955824064606511,0.015656705319065958,0.092577208450952,-0.9995571,-0.027658422,0.010987398
174,167,62,0.6022099894685773,95,0.3422034382097255,0.9230032842319932,66.28222919594258,7.558510640090544,26.82395509629731,-0.7446349314171813,-0.08094072001454734,0.6625461634911612,-0.35029227,0.8799511,0.32090712
163,170,66,0.8078881916786578,93,0.931917714512319,0.9332191223226071,5.455167239999177,4.4604012200401995,85.07372218189481,-0.8976195151351132,-0.04137678603588141,0.43882475730745363,-0.9275498,-0.090023875,0.36269423
181,173,71,0.64597196241082,76,0.8965887499532015,0.8620839705262493,16.186717493025718,7.710864393175754,74.04707874872481,-0.9522051977335495,0.07504062641640619,-0.2960982367327528,0.9402836,-0.30978653,0.1410641
172,159,59,0.7271351408420579,96,0.9438025566093575,0.955546629825226,10.449605693947033,8.919602817918443,83.28582755730396,-0.9775050364635219,0.06109120274843209,-0.20187067304390421,0.98858654,-0.14506929,0.04064002
169,154,56,0.7223780720785474,93,0.977801097545658,0.9750492383494704,4.166608808296507,0.12888678827402802,85.64438066725069,-0.9944102687440812,0.013729920228162594,0.1046886178476553,-0.9931222,-0.058879714,0.10119983
182,151,49,0.9093786248906172,94,0.9607562753786584,0.9539105581569507,11.692967989747348,3.112157342716798,78.25243956398278,-0.9986590408971956,0.036014330245859,-0.037189891788440475,-0.9735636,0.22627763,0.031181814
172,156,62,0.6010835843712495,64,0.9536868730997753,0.9464805365270684,13.06492155099048,12.227638389871494,83.50434615940841,-0.9417453618576,0.07951733062023097,-0.32679147410960857,0.98269945,-0.14654844,0.11324884
166,162,62,0.6106398456035168,94,0.925874631388275,0.957604697520626,8.691027557804354,4.793987640694947,81.45187426215321,-0.941366851331573,-0.02407821937945586,0.3365244278883702,-0.958926,-0.1433838,0.24474885
168,177,68,0.6778149865131146,94,0.85205616256038,0.8884575420516592,5.332655775879975,5.33016969164504,89.08586663814836,-0.9754419110111042,-0.004882623726240432,0.22020272075647246,-0.99168533,-0.00079107424,0.12868412
175,154,50,0.9783712617516013,95,0.9519000505999483,0.9442079323062131,3.598849081979388,2.4086290723904757,87.44049698995047,-0.995944053456077,0.01630674159442584,0.08848464592262163,-0.99656117,0.06600381,0.05009357
175,194,47,0.8339817546864442,84,0.9390644445210912,0.9355578383614231,19.67457610059991,3.337448452826242,70.80540997669789,-0.9994365749169764,0.0271482604471368,0.01973587274274545,-0.9496011,-0.30965865,0.048674844
181,167,66,0.9562494979239919,58,0.6274344393810953,0.8001427804068639,45.70966626255468,44.781481204844816,81.71972315439858,-0.9208504853744887,-0.03282036111668958,0.38853211898341034,0.91476744,-0.19385709,0.354429
177,197,48,0.7543704466529129,95,0.9588360484310275,0.9676219969891838,19.207832370096106,6.091079927843149,70.78603977979353,-0.9634937075548229,-0.012619615021909114,0.2674333951079412,-0.9394479,-0.31642875,0.13156949
185,165,68,0.7871860781000766,88,0.9529117630501099,0.9604565495432135,7.005471538608253,1.7818094223113292,82.48124110698683,-0.994363373900032,0.04506395202531306,-0.09597250061348583,0.9794211,-0.16451797,0.11691089
178,157,64,0.8063932471727301,97,0.9018581437057279,0.9047162207783954,16.318553053182924,2.0932219169028836,71.33862944883325,-0.8739388981494937,0.1006876241343942,-0.4754921709633294,0.8379231,-0.3718101,0.3995525
179,153,53,0.7944948050408032,96,0.8834292726126325,0.9201459459822324,31.032399189296207,7.653359783841775,59.85531304191694,-0.9974776862677247,0.01951365536978203,0.06824575189780169,0.8500202,-0.52642,0.018647421
179,177,29,0.6114175084441117,93,0.18176030057449383,0.21914312493479743,54.916251047927794,17.43110776136195,41.71035981132692,0.3049348812082718,-0.15593984681617737,0.939519814797668,0.40360954,0.69418234,0.5959951
176,153,57,0.667212283116898,96,0.9490229526038032,0.9562619203379423,22.91177616696444,19.630059777026975,75.3401522776235,-0.8799084950388024,0.09917924665245782,-0.4646767880925418,0.9502483,-0.2867511,0.12166327
173,179,69,0.70428689097382,94,0.9681608693883281,0.956808729863912,19.817891826927983,19.42877773319053,83.3937565068744,-0.8840790428683694,0.09809506499857629,-0.4569262568334997,0.9800857,-0.149694,0.1304751
161,175,69,0.8846601459123121,94,0.8587855312439311,0.9463841912776931,5.011568247456989,0.9453853921447124,83.19816808713117,-0.8863515272601578,-0.045150269479894596,0.4608062752279734,-0.8901954,-0.12916707,0.4368844
189,183,34,0.6090120217438932,96,0.964256210805088,0.971751603121175,35.348115386133244,4.39334707200969,54.49804539722419,-0.9992375887121997,0.03338501115353366,-0.02024061103097907,0.7953329,-0.60511786,0.03574832
172,151,58,0.8518460433665702,89,0.947785500155792,0.9570636644917312,10.224118226556367,10.132112002960397,87.33056422145499,-0.9762690870597174,0.061935320898949264,-0.2075155070753271,0.9967804,-0.073985666,0.030902585
165,175,64,0.604991099152003,95,0.9541396808084828,0.9700424529736583,72.106491915976,0.15825673708625124,17.74861673162741,-0.995374337615681,0.015295950235380912,0.09484704488038229,0.32726356,0.94396204,0.042828552
195,178,51,0.6110456554180232,70,0.8351172395097165,0.8837049628179899,17.884826363476158,14.799152289208005,75.02017414169062,-0.016383398698672762,-0.15378660051923287,0.9879682513865606,0.22671919,-0.33335552,0.91513526
169,152,57,0.7196516362025333,96,0.9694482886993008,0.9703549898976418,8.772235263356562,5.729102878450024,82.62082000949998,-0.9760539530184825,-0.004439440391248967,0.21748326870360976,-0.9876057,-0.11230089,0.10965169
175,153,53,0.7501791236267745,95,0.9590335632428028,0.9643587908946475,15.73848371619442,9.949283817240218,76.54585855798058,-0.9798853428688321,0.059390505041063184,-0.1905189826285007,0.96620935,-0.2577489,0.0022441654
182,171,68,0.7061134724139316,95,0.5023886554763084,0.9145071751883797,11.963546886522874,10.736097753602234,84.65368471001943,-0.9981932170469124,0.021426428405720507,0.05613563580569824,0.98422724,-0.12729053,0.12285698
